User_screen_name,User_name,Location,Created_at,Followers_count,Friend_count,Favourites_count,Language,Protected,Time_zone,Verified,Statuses_count,Url,Description
Naija_PR,Naija,Nigeria,2013-09-24 18:00:41,255057,207660,79147,,FALSE,,TRUE,142089,https://t.co/bquCrwXncA,A PR agency based in Nigeria. Follow us so you can get to know the things happening on Twitta Nigeria. 08067033831 (Calls only)
ALIBABAGCFR,Alibabagcfr,"Lagos, Nigeria",2009-03-11 10:01:06,865619,180579,6814,,FALSE,,TRUE,120546,https://t.co/jxe6jDT3Vh,Hubby. Dad. Comedian. Mcee. Tv Host. Actor. Motivational Speaker. Ideas generator. +2348033330000 Whatsapp. Alibabagcfr-Instagram
90sSophie,sophia,Nigeria,2016-04-11 16:58:01,248843,161686,37,,FALSE,,FALSE,49544,,Online promoter.ğŸ“© DM for business conversation & to get your songs on streaming platforms|messages not on promotion services is not allowed.thanks!
NigeriaTweetPub,Nigeria Publicity,Nigeria,2014-06-07 9:04:33,273263,143911,89,,FALSE,,FALSE,31310,,"Twitter Publicity for brands, goods, services, events, movies, music etc... FOR ENQUIRIES... Email:- nigeriapublicity@gmail.com"
Twinsgistmag,Twins Gist Mag,"Lagos, Nigeria.",2011-01-05 9:49:43,156147,143486,286,,FALSE,,FALSE,75306,https://t.co/XermOEAIeD,Entertainment and fashion page. 08039665037.
iamwytunes,ğŸ‘‘ King Kong Tunde,,2015-04-21 5:38:30,204252,139959,2682,,FALSE,,FALSE,21483,,Media | Mu$ic | Oil. Songwriter Bathroom singer with 12 Grammy awards DM for promotion and ads. Email: Akinsanmitunde7@gmail.com
jaff8,Baba J,"Edo, Nigeria",2011-05-17 21:52:25,279899,136604,1216,,FALSE,,FALSE,864808,,Media | Crypto | FinTech | Curating Creativity
UcheUnogu,Evangelist Uche Christian,"Indianapolis, USA",2011-09-26 2:47:48,195546,121188,388,,FALSE,,FALSE,10647,https://t.co/INN34x3OV9,"Evangelist - Preaching out of Indianapolis, Indiana by the way of Lagos, Nigeria | Author | Founder of The Onyx House"
TayeOlusola,T A Y E,"Lagos, Nigeria",2009-05-17 21:03:52,173543,107249,516,,FALSE,,TRUE,37314,https://t.co/BUuRVk9q9Z,Music Producer | Journalist | Audio Engineer | Pianist | Tayeolusola@gmail.com | +2348024019195
AnthoniaOrji,Anthonia Orji,Nigeria,2011-07-31 22:52:46,265269,104035,14788,,FALSE,,TRUE,113225,https://t.co/gHdecopsyM,Digital Strategist | Social Media Marketing | Business Analytics | Digital Transformation | Influencer | RT â‰  Endorsement. #BBNaija
uncleboluW,uncle bolu,Naija,2014-03-24 9:30:03,100029,94210,4372,,FALSE,,FALSE,32111,,Digital Marketer | Africa ğŸŒ | Liverpool ğŸŒˆ | Johnnydrille â™¥ï¸ | ğŸ‡³ğŸ‡¬
ForNaijaRetweet,ForNaijaRetweet,,2012-01-26 13:03:18,218091,90368,1,,FALSE,,FALSE,47042,,
JustSomeQuotezz,JustSomeQuotezz,,2012-01-26 12:59:56,181400,81336,1,,FALSE,,FALSE,40,,
MordiOfficial,Joel Mordi ğŸ³ï¸â€ğŸŒˆ,"Uk,USA,Africa,Europe,Canada",2010-09-09 8:15:34,230697,79654,0,,FALSE,,FALSE,76691,https://t.co/AeTiin2cUC,"SocialWorker|Visionary|Altruist|Storyteller|Explorer|Lover of People,Health Advocate,Social B/Vlogger #SDGs ; Founder: @Mif_Nigeria #nonprofit"
MaDailyGistNG,MaDailyGist,"Lagos, Nigeria",2009-10-31 11:44:05,385591,76883,751,,FALSE,,FALSE,720906,https://t.co/A2qmbxyIl8,
MaDailyGistNG,MaDailyGist,"Lagos, Nigeria",2009-10-31 11:44:05,385589,76883,751,,FALSE,,FALSE,720906,https://t.co/A2qmbxyIl8,
kingext,limitless.....,"Ã¡ná»m, n' á»‹ru gi ká»‹ta, ká»‹ta",2012-01-03 21:35:49,103786,76572,27,,FALSE,,FALSE,2516,,"incredible optimism & stunning disposition. Å„dá»‹ Å„kÃ©-mu si; Ã³ já»‹ Ã³nyÃ© n' Ã¡nÃ­, já»‹ Ã³nwÃ© ya. Ã©chÃ©funÃ¡ Ã³kwu-Ã¡, Å„dá»‹-east"
DONJAZZY,ITS DONJAZZY AGAINğŸ˜‰,MAVIN HQ,2009-07-05 2:26:44,4882427,70521,1934,,FALSE,,TRUE,70182,https://t.co/qn3OB0lPfP,
MTN180,MTN Nigeria Support,Nigeria,2012-06-18 12:05:21,343180,66727,4204,,FALSE,,TRUE,449509,http://t.co/Txv3J3uAUH,"We're the MTN Nigeria online customer service team. We're here to help, listen and learn from MyCustomer,so send us a tweet!"
Itz_Konani,TREND KINGğŸ”¥ğŸ”¥,,2013-04-05 15:55:02,97035,61697,691,,FALSE,,FALSE,368825,,"Digital Marketer | Cell Leader | I travail in Threads until Christ be formed in you | The Light | BLW Nation | 

â˜08186032586 : ğŸ“§Masterkonani@gmail.com"
Naijablogger,Samuel Naijablogger,"Ireland (Day), Lagos (Night)",2009-09-10 12:43:35,127498,59275,1557,,FALSE,,FALSE,205769,https://t.co/MdQH0AWHbZ,"MSc Applied Digital Media.
ğŸ“ˆ Blogger, Media Strategist & Influencer. 
For Ads & Publicity : +2348131517566 
| DATE360 BLOG | SamuelNaijablogger@Gmail.com"
Twinsaffair,Twins Affair,"Lagos, Nigeria",2010-12-23 12:27:35,93981,57044,8,,FALSE,,TRUE,578,https://t.co/8YIUb8dhy7,"Award winning music producers. For production bookings, call +2348038403230"
PoojaMedia,POOJA...,Nigeria,2012-01-12 9:32:10,68274,55828,3518,,FALSE,,FALSE,176781,https://t.co/bc2QF0hhj5,"Digital Solutions | Creates Engaging Contents | Creative Photographer | YouTuber | Sports Comics | Publisher, https://t.co/l5rTQokC7d | Poojamediacomms@gmail.com"
mrasaj,Mr Asa,Africa,2011-10-18 15:55:44,231599,55703,180,,FALSE,,FALSE,787889,,Severity is the price we pay for greatness...
nollywoodtweets,Nollywood Tweets,"Lagos, Nigeria",2009-10-03 8:54:49,180631,50645,10,,FALSE,,FALSE,214207,https://t.co/MKd7xXseM4,The Official Twitter Account of Nollywood by Mindspace. Email: nollywoodmindspace@gmail.com. Tel: +2348155104496
dappyboy0489,Dapo Osuntuyi,Trending on your TL,2011-03-08 21:26:56,146470,48851,358,,FALSE,,FALSE,206093,https://t.co/HIzWLbbOKN,I am a god
SmilesParker,The Godâ€™s Pride,Worldwide,2014-10-02 18:21:31,97744,48628,528,,FALSE,,FALSE,23541,https://t.co/9uiJfzJP5v,Founder @ZEROhepNigeria | Data Analyst  | Film Maker | Hepatitis Awareness Advocate | Citizen Of The World | Traveller
AlHaill_RSA,A king does not take orders ï£¿ ğŸ»,"Johannesburg, South Africa",2013-06-17 7:29:45,48941,47883,174685,,FALSE,,FALSE,192862,https://t.co/ey3PlLQlHu,Entrepreneur \Google Certified Digital Marketer \#AfricaDrive_ #influencer Director for @keystoneDM @AfricaDrive_ \ #Twitter \ Reach Me - Vusilzjian@iCloud.com
latest_naija,LatestNaija.com,Online Music & Video Platform.,2012-02-03 20:39:50,67251,46760,0,,FALSE,,FALSE,16309,http://t.co/9NCups9mzw,#teamfollowback Surf the website!! (http://t.co/IOPrm4J3hE) For Enquires: latestnaija@yahoo.com
TosinOlugbenga,Tosin Olugbenga,"Lagos, Nigeria",2012-08-06 13:56:16,79424,44484,331,,FALSE,,FALSE,95340,,"Data Engineer | Data Scientist |
Software (Web & Mobile App) Developer |
Product Management Consultant | 
StartUp Advisor| CTO: @InvestaNigeria @TheCitademy"
SeyipEteRs_,ğšœğ™¿ğšğ™´,,2011-06-17 19:22:40,125483,44283,170,,FALSE,,FALSE,67254,,ğ™°ğšŒğšğš˜ğš› + ğ™²ğš˜ğš—ğšğšğš—ğš ğ™¼ğšğš ğ™´ğš¡ğš @ğ™¾ğš™ğšğš›ğšŠğ™½ğšğš ğšœğ™½ğ™¶
KingAbsoIute,Chibuzo 'KingAbsolute',Worldwide,2017-08-15 1:00:48,49996,43068,1173,,FALSE,,FALSE,19640,https://t.co/VvomhljWLR,Graphics Designer â€¢ SM Marketing â€¢ Twittrepreneur â€¢ Techie â€¢ Music/Movie â€¢ Igbo â€¢ @DMM_Nigeria @dmpnig â€¢ #LFC #YNWA
Mp3bullet,Mp3Bullet.ng,"Nigeria,Worldwide",2013-01-04 21:41:26,135406,39965,176,,FALSE,,TRUE,3420,https://t.co/XVc5pUg8gS,No. #1 Nigeria's Music Blog | Best Music Blog of the year: 2015 LFE Awards; 2016 L30U40 Awards; 2016 POPA Awards; 2017 MAYA Awards; Email: music@mp3bullet.ng
realoluseyi,Big Brother Naija,Lagos,2014-11-09 17:03:30,47740,37709,6504,,FALSE,,FALSE,64022,https://t.co/l5I04zHX7a,"Follow for interesting and 24/7 updates on #BBNAIJA Lockdown House
Youtube:  (SUBSCRIBE For Daily Giveaway) https://t.co/l5I04zHX7a
If WE FOLLOW YOU KINDLY FOLLOW"
accessbank_help,Access Bank Help,Nigeria,2013-10-30 9:33:21,136416,36493,3427,,FALSE,,TRUE,306966,http://t.co/TXA6B5LNLm,Welcome to @myaccessbank Official Help Twitter Handle. How may we be of service? Please don't publicly tweet your account details.
ThatLankyBoi,LANKY ğŸ‘‘,earth.getLocation();,2017-07-02 0:28:57,75208,35071,98314,,FALSE,,FALSE,39520,https://t.co/8GiRDNYqdU,6'3 | Upcoming Model | Tech Person | i sleep online | Extrovert | Savage Screenshot | DM for promotion | ğŸ“© ThatLankyBoi@gmail | ğŸ“± 07064258615 | #BBNaija
leereports,BBNaija 2020,,2011-09-18 1:59:52,38432,34944,3997,,FALSE,,FALSE,16582,,print ('Python Developer. ')
mpiredivine,IG: @MPIREDIVINE ğŸ˜Š,"Lagos, Nigeria.",2010-05-07 23:23:13,43147,33394,2006,,FALSE,,FALSE,80086,https://t.co/SR6v9BuL6P,"Statistics... Singer... Songwriter...
 #TeamCR7
Always Be Yourself... The World may not like it but at least U will be at Peace with yourself."
Diegochuene,Diego_Chuene,Pretoria,2010-03-16 14:36:38,99298,33134,65073,,FALSE,,FALSE,45307,,"For Any Business Promotion and Advertising Service DM Me for rate and prices. ğŸ”¥

Let Me Take Your Business To next level

https://t.co/S0dAwFuNCw"
gtbank_help,Guaranty Trust Bank Help,,2012-07-27 18:26:35,217608,33133,102,,FALSE,,TRUE,282830,http://t.co/lLx5AsGlqO,Our DMs are open to everyone. Especially you. Send us a msg with your service/account issues and enquiries for prompt resolution.
tommy_viccetti,Valar Morghulis #BBNaija ğŸ‘â€ğŸ—¨,"Lagos, Nigeria",2011-10-04 17:21:56,50756,33028,106526,,FALSE,,FALSE,124660,https://t.co/yqYuQ8rnaR,Game of Thrones Fanatic | Bibotherapist | Linkin Park â¤ï¸|bamideleviccetti@gmail.com ğŸ“§ | iPromote | Manchester United ğŸ”´âš«ï¸ | I love Amala
TWEETORACLE,AURAâ­•COOL,"Lagos, Nigeria",2010-03-21 6:38:15,264739,32245,23727,,FALSE,,FALSE,24358,https://t.co/TuQjA5ouOQ,"Winner, Social Media Influencer of the year #AfricaChoiceAwards. #SUPERIONSâ­• by Heart. #BBNaija First Class Commentary. Curator #Top10TweetLists
08168331150"
TWEETORACLE,AURAâ­•COOL,"Lagos, Nigeria",2010-03-21 6:38:15,264737,32244,23803,,FALSE,,FALSE,24358,https://t.co/TuQjA5ouOQ,"Winner, Social Media Influencer of the year #AfricaChoiceAwards. #SUPERIONSâ­• by Heart. #BBNaija First Class Commentary. Curator #Top10TweetLists
08168331150"
OlumideIDOWU,Mr. Climate ğŸ‡³ğŸ‡¬,Africa,2009-05-18 20:07:41,36587,30536,125249,,FALSE,,FALSE,398710,https://t.co/vWS7hrYY4M,Activist | Environmentalist | Communicator | Social Storyteller | Co-Founder @ClimateWed | Youth FP. @GEF_SGP ğŸ‡³ğŸ‡¬ | @AtlasCorps Fellow | @StateIVLP Alumni
Mrtybaba,Commissioner for Dodo and Coca-Cola Affairs,Nigeria,2017-09-09 1:43:18,50795,29798,5,,FALSE,,FALSE,221503,https://t.co/JndYIK45c8,"Father | Husband | Medical Doctor ğŸ˜·  | Associate @clouthubAfrica   | LifeOfTybaba@gmail.com | +2348084194653 |
  #TeamBarca #TeamMiamiHeat #TalesByAFoodie"
thebiyitudors,Biyi Nifemi Tudors,"Lagos, Nigeria",2013-04-02 11:49:55,33043,28666,12073,,FALSE,,FALSE,9333,https://t.co/wijQugHqYG,"Strategist ||
Influencer Marketing Expert.
hello@thebiyitudors.com"
DeleMomodu,Dele Momodu Ovation,,2009-03-19 4:32:01,1278939,28579,13689,,FALSE,,TRUE,137632,https://t.co/onbihMYJPC,"A teacher, writer, author, publisher, politician, entrepreneur, speaker, actor, mentor, Philanthropist, former Presidential candidate and global citizen!"
sexydjbabylynn,NO1 SEXY DJ BABYLYNN,"London  & NIgeria ,Kenya",2010-11-14 15:47:06,151749,28192,1024,,FALSE,,TRUE,117282,https://t.co/U1gUdq2wkx,"Online Digital Media Expert | Founder Babylynn Entertainment & Promotion Inc |PR |Radio Presenter naijaFMUK |DJ|MultiAward Winner| Promoter |Feat on BenTvUk,TVC"
badniggafela,BAD NIGGA ğŸ¦¡,BRESS VILLE,2010-05-11 15:07:21,52989,27459,13540,,FALSE,,FALSE,152217,https://t.co/vObAjuEiR6,"Free Talker  | MÃ©s Que Un Club ğŸ’™â™¥ï¸ | #Messi #JCole #JheneAiko |   #NschE, Chemical Engineer  |"
maxxyfire,ğ—ğ—¶ğ—»ğ—´ ğ— ğ—®ğ˜…ğ˜…ğ˜† ğŸ”¥,Canada IJN,2017-04-28 7:23:46,39506,26940,2145,,FALSE,,FALSE,49631,https://t.co/17WkD6q0NY,SOCIAL MEDIA PROMOTER â€¢ Brand Ambassador â€¢ DM For Business/Promos or WhatsApp me using the link in my Bio #BBNaija
zhurg_,Lord Scummander Rtd.,Alternate Universe,2010-11-11 23:41:22,41714,26678,6763,,FALSE,,FALSE,230973,,God knows!...Axios!!ğŸŒŸ â€¢||â€¢ please follow our business page @SmokeNsauceNg . We Make amazing Barbeque ğŸ™ğŸ»ğŸ¥°
itsTomiwa,Tomiwa Talabi,"Lagos, Nigeria",2012-05-26 21:43:23,81012,26461,6813,,FALSE,,FALSE,106390,,I help brands grow from building a Digital presence to living rent free in the minds of their Target Audience. ğŸ“© hellotomiwa@gmail.com
Morris_Monye,the Morris Monye factor,"Lagos, Nigeria",2016-06-10 13:24:34,35622,26151,26868,,FALSE,,FALSE,44870,,September 29 / Business Yoda /@Arsenal /maxpaynemonye@gmail.com/ Ogunfe Lover/ 05/08/2018 ğŸ’”/ Social Prophet.
YinkaPost,Olayinka ğŸ…™,"Lagos, Nigeria",2011-07-21 10:46:20,36825,25601,170,,FALSE,,FALSE,169152,https://t.co/YdW4VdxZBP,Husband || Father to Zidan & Zayaan || Son || Head of Operations @DTroyCopper || mAD Man || RealMadrid ğŸ’œ|| RTS âŒ ENDORSEMENTS
chiefagbabiaka,Lagos LandLordâ„¢ And 36 Tenants #BBNaijağŸ‡³ğŸ‡¬ğŸ‡¬ğŸ‡­,"Ede, Osun state",2011-03-21 22:47:04,63302,25575,54362,,FALSE,,FALSE,255373,,Omo Osun|| Shoe Maker @BROZAYLagos || Farmer ğŸ£ || #TeamDorathy|| #Dorathians ||#BBNaija || Arsenal Fan || TeamKoredeBello || Toyin Abraham Son|| DM for Promo
Law_Lee,Law Lee #WizkidFC #MARLIANs,Fan Of C. Ronaldo & Man united,2013-01-09 22:50:56,57376,24966,819,,FALSE,,FALSE,219312,,SAIL IN THE PATH OF RICAâ›µï¸â˜€ï¸ Busy Finger Never lack âš“ï¸ PR|Brand Manager ğŸ…MUSIC DISTRIBUTION... ğŸš€ #WizkidFC #NoMannaz #MARLIANs
iam_bussie,Khal BussieğŸ’™ #BBNAIJA,A/where peace is guaranteed,2010-10-16 17:04:44,40748,22174,422,,FALSE,,FALSE,89274,https://t.co/UdCShGAOyK,A Khal with no horse || #CHELSEAâš½ ||Project lead @megalumous|| Social Commentator|| ğŸ“©khalbussie@gmail.com|| #bbnaija
eniola_opeyemi,Eniola Opeyemi,Inside Life,2011-08-06 12:04:00,36185,21883,172120,,FALSE,,FALSE,31821,https://t.co/wkoQxigmhq,"â€¢Public Analyst â€¢Certified Psychologist â€¢Teacher â€¢Youth Advocate â€¢V-Content Creator for @operanewshub | DM for Businessâ€¢
eniolaopeyemi@gmail.com"
Livenewsng,LiveNews Nigeria,Nigeria,2013-05-22 6:49:33,35233,20404,6327,,FALSE,,FALSE,13260,https://t.co/7EqyDtutJz,Latest News in Nigeria â€“ Breaking News Around The World.
UcheofLagos,Okafor Uchenna Oluwafemi,,2017-06-12 7:59:26,41079,19781,5947,,FALSE,,FALSE,12196,https://t.co/u6Nh9N05q3,Nigerian Based Visual Storyteller | In Love with Tech and Digital Comms. â€¢ uchekuse1@gmail.com â€¢ IG @Uchekush_ â€¢ YT- https://t.co/q50ePM4mC8
TheInfoNG,Theinfong.com,Nigeria,2012-12-04 17:26:32,172022,19226,488,,FALSE,,TRUE,42824,https://t.co/NykKQkMxRz,"Not just for celeb gossip, news, comedy, entertainment & relationship tips, we also follow and INTERACT with YOU. We are humans too."
TheInfoNG,Theinfong.com,Nigeria,2012-12-04 17:26:32,172022,19224,488,,FALSE,,TRUE,42824,https://t.co/NykKQkMxRz,"Not just for celeb gossip, news, comedy, entertainment & relationship tips, we also follow and INTERACT with YOU. We are humans too."
abudujoshh,Zagadat ï£¿,"Texas, MI",2011-08-08 22:50:59,33659,18035,254143,,FALSE,,FALSE,98179,https://t.co/cdssFO4w7A,Blogger || open for promotions or ads
LitSego,Kuwaiti Dinar,12,2013-09-06 22:18:48,43703,17736,332410,,FALSE,,FALSE,203646,https://t.co/L5lK1cA6q5,"Too lit to quit â€¢Â @ChelseaFC â€¢Â Sports Enthusiast
Email: geemakwe@gmail.com"
SavvyRinu,Rinu The HustlerğŸ”¥ğŸ”«ğŸ ,Turn On My Notification ğŸ’¡,2018-04-30 19:55:06,45720,17223,185607,,FALSE,,FALSE,85906,https://t.co/FZPpAmsuGl,Convener #OperationSanitizeâ€¢ ChemistğŸ‘©â€ğŸ”¬â€¢Brand Strategyâ€¢ iVocate 4 HumanityğŸ’ªâ€¢ PR ğŸ“© savvyrinu@gmail.comâ€¢ Your Fav T-Shirt PlugğŸ‘š@savvybrands_ â€¢ #PrinceBBNaija
lotto9jang,Lotto9ja,"Lagos, Nigeria",2017-08-03 17:33:23,33052,17119,345,,FALSE,,FALSE,1150,https://t.co/bC1wSCDmTg,"The Official Twitter account of Lotto9ja. Play 9ja Mega, PadiPadi, Juroye, Mazi and more by choosing lucky numbers. We are here to answer all your questions"
Danny_Walterr,DANNY ğŸ‘‘ğŸ ,"Lagos, Nigeria",2011-09-16 13:38:25,296394,16353,33712,,FALSE,,FALSE,108792,https://t.co/Tf28JJI7G2,Ajebo Hustler | Moi-Moi Addict | No 1 Shoe Plug @shopfeets_ | dannywalterpr@Gmail.com ğŸ“±Biz:09011342097 | #TeamPrinceBBN ğŸ ğŸ 
RealDreylo,DREYLOâ–«ï¸,"Lagos, Nigeria",2018-07-25 18:41:28,271673,16306,53600,,FALSE,,FALSE,47664,https://t.co/qVtDF18CSm,I PROMOTE / Multi-Talented Artiste/ Music inclined Entertainment Guru ğŸ“©Email: dreylobookings@gmail.com
Naija102FM,NaijaFm 102.7,"Lagos, Nigeria",2011-07-19 11:19:39,457458,15657,15792,,FALSE,,FALSE,325208,https://t.co/ddD2HY0PZn,"Na we b d Original Pidgin station 4 Nigeria (Gbabeski)..We dey give u d groove , d in4mation n education as e corncern every every 4 insyd and outsyd Naija.#Gba"
iSlimfit,Wale Adetona,Nigeria,2009-11-16 3:41:37,137872,15164,3146,,FALSE,,TRUE,97536,https://t.co/5ScRYwxfUs,"Marketing & Strategic Communications Expert | Brand Management | Convener, #LagosDigitalSummit &  #ProjectHumanityNG 


adetonaadewale07@gmail.com"
ameyaw112,Ameyaw Debrah,Ghana,2009-03-31 20:29:23,951846,14498,133616,,FALSE,,TRUE,262419,https://t.co/GDPoysDxXb,I am entertainment & lifestyle! #blogger #Socialmedia #influencer  Funny Guy. #Traveller Creator: @ameyawtv For bookings contact ads@ameyawdebrah.com
UNCLE_AJALA,Zaddy Ajala,Nigeria,2010-07-24 16:11:07,123544,14124,1946,,FALSE,,FALSE,372600,,Expert in Turnkey Projects||Entrepreneur||Architect||Project Manager||Advanced HSE Certified||Digital Publicist||Social/Political commentator.
Audu,AuduMaikori,Nigeria,2008-10-09 17:12:46,93118,13723,10090,,FALSE,,TRUE,52666,https://t.co/duD1Oyddsj,Global Citizen. Pan African. Entrepreneur. Entertainment Lawyer.
weirdmcofficial,Deshola,Nigeria / London,2010-04-19 13:17:35,227208,13648,13226,,FALSE,,FALSE,137106,https://t.co/FBTIAbVsDt,"DeShola PECULIAR, Minister /Christ Steward/Actor/ Writer/0907 Inspire LTD #Giftrete Brand Rep /Scrum Master/Agile PM +447517432247 deshola9@gmail.com"
GOtvKenya,GOtvKenya,,2011-11-01 13:52:10,124641,13204,6039,,FALSE,,TRUE,503560,http://t.co/Cukv0AOJ40,"GOtv, Kenyaâ€™s newest pay TV service is dedicated to offering television lovers affordable family entertainment."
Alan_yournextbf,Mr Alan #BBNaija,"Lagos, Nigeria",2019-03-19 17:35:13,71757,12994,60670,,FALSE,,FALSE,75371,https://t.co/GpehjYoO3Z,Twitter is using me.
AYCOMEDIAN,AY COMEDIAN,NIGERIA,2009-10-14 9:25:17,1589509,12598,294,,FALSE,,TRUE,35944,https://t.co/zjKYnb5JcF,"COMEDIAN,TV SHOW HOST, WRITER, PUBLISHER, ACTOR, DIRECTOR & PRODUCER"
SomtoSocial,Somto #BBNaija ğŸš¨ ğŸ‡³ğŸ‡¬,"Nigeria, Ghana, UK.",2017-06-25 4:10:24,96387,12363,375,,FALSE,,FALSE,19336,,"Dad ğŸ“ Digital Entrepreneur, Artiste Relations Expert and Business man. #GGMU. SomtoSocial@Gmail.con"
aphroDIJA,Di'Ja ğŸ‡³ğŸ‡¬ğŸ‡¸ğŸ‡±,Worldwide,2009-05-23 3:53:41,303733,11847,716,,FALSE,,TRUE,8591,https://t.co/WFQ037zDpM,MAVIN RECORDS salmaolo1@icloud.com
Baldilocks__,Baldilocks,Sol III,2019-04-05 7:20:10,50816,11816,5030,,FALSE,,FALSE,14819,,"It's not your job to like me, it's mine."
V_eektorr,â™”BlvckboySavageâ™”,Inside your account balance,2013-12-24 23:43:35,48000,11814,31471,,FALSE,,FALSE,70430,https://t.co/4Q7zS8TsOT,"God| Money | Breasts | Money | Davido | 30BG | Wizkid ğŸ™‚

I love good music/artists."
GloCare,Glo Nigeria Customer Care,,2013-03-26 9:56:25,271577,11583,182,,FALSE,,TRUE,251344,https://t.co/osfc5sIXaW,"Welcome to the Glo Customer Care on Twitter. We care about our customers. Send in your enquries, complaints and requests."
iamAbiodunAA,i Develop Websitesâ„¢ ğŸ‘¨ğŸ½â€ğŸ’» ğŸ…™,"Lagos, ğŸ‡³ğŸ‡¬| 0125759019 GTBank",2014-09-22 10:47:55,57068,11069,51403,,FALSE,,FALSE,56177,https://t.co/TIAUimKimK,PR | iCode | iDev | iDesign | iLearn | WEBSITE Developer â€¢ Dev @Arabcreations_  @Pantonsconcept â€¢ DM for Biz or ğŸ“© adelekeabiodun8@gmail.com | ğŸ“08130858362
labbymedia,ğŸ’¡ğŸ’¡#Laycon #iCon 's Defender ğŸ’¡ğŸ’¡,Nigeria,2015-04-13 10:46:50,51710,10798,6899,,FALSE,,FALSE,30389,https://t.co/evgpfoRfA9,"Welfare director @DMPNig, Media Personnel, Brand Influencer|PR Agency | Strategist| Page Manager labbymedia@gmail.com +2348075278382"
dammiedammie35,OyindamolağŸ§”,Ibadan,2018-01-31 13:34:34,40719,10649,142420,,FALSE,,FALSE,142466,https://t.co/ndtmchxXwr,"Hey are for horses,try Hi or Hello | Activist |#MUFC|PSYCHOLOGIST| REAL ESTATE â€œWe do Ads and Promos too ğŸŒâ€"
TheOladeile,á»ŒlÃ¡dÃ©lÃ© ğŸ–¤â¤ğŸ’™,"Lagos, Nigeria",2015-03-21 15:32:32,69476,10321,3379,,FALSE,,FALSE,52844,https://t.co/eGclPnHYsM,"Mr Comparison, Twitter  | Building the next tech startup @kreatengafrica & @motocareng | Webmaster at @redeemersuni & @acegid"
1real_asap,Flacko,,2019-07-08 22:14:38,51918,10179,25580,,FALSE,,FALSE,105908,,I donâ€™t know my tweets.
Harryolah,Your Ex #BBNaija ğŸ•º,Check my likes for my tweets.â¤,2014-10-10 5:47:16,78115,10003,21618,,FALSE,,FALSE,164024,https://t.co/RDTYyHqWhB,â€¢ Thin & Tall â€¢  You're the product of your own thoughts â€¢ dm or mail exmediaola@gmail.com for promotion
zataarra,ZATARRAğŸ¤´,"Lagos, Nigeria",2019-10-07 7:21:15,33863,9965,93797,,FALSE,,FALSE,40337,https://t.co/DxT8TtWJQb,DancerğŸ•º || DM for promotions and adverts!!!ğŸ’¯ DM only for business or send a mail: officialzatarra@gmail.com
Blackdotmandy,BDM | Blogger,Benin City/ Sapele/Warri,2012-03-03 9:58:40,55506,9962,2410,,FALSE,,FALSE,160118,https://t.co/lxWjkvy9Ku,Omawumi. let your chaos explode | PR | blogger | writer| social media strategist and digital marketer | Traveler #GiveAGirlChildAPadBenin
theNETng,NET,Nigeria,2009-10-23 15:43:35,48469,9344,2240,,FALSE,,TRUE,91473,https://t.co/yGypixYTAd,"The worldâ€™s #1 source for African entertainment. Since Nov 23, 2009. Follow our friends: @orin247, @234Star_, @Neusroom. ğŸ“§: contact@thenet.ng."
_AdukeAde,Item7ğŸŒ¹: The Sucre MamacitağŸ’¦,Nigeria,2011-10-16 14:30:34,71043,9343,24461,,FALSE,,FALSE,62275,https://t.co/oN50250tf2,Youtuber || ashirfaridah98@gmail.com
cutekimani,Estol Africa,Africa,2010-07-18 18:40:08,46632,9187,5363,,FALSE,,FALSE,179361,https://t.co/9GAXWxWAYb,"Award winning Media Entrepreneur

Managing Partner @EstolAfrica 
Founder #KimaniOffAir 
Exec @MeetsMedia

 PR  @fireboydml ğŸŒ @Ruthkadiri"
MeetHajaar,FUTURE BILLIONAIRE,I am where i am .,2011-08-16 16:49:19,36040,9052,1192,,FALSE,,FALSE,169059,https://t.co/vY1RjvRHfI,â€¢stylebloggerâ€¢ fashion enthusiastâ€¢ chartered ADR Secretary/Registrarâ€¢Writer/online Author of three online Books)â€¢ Instagram; @meethajaar
the_olaoflagos,á»Œká» Jemima á»Œsunde ğŸ’¦,Cruise Altitude ğŸ›«,2019-01-15 16:32:09,42458,8881,98142,,FALSE,,FALSE,111066,https://t.co/8MTf49b45i,Ø¹Ø¨Ø¯ Ø§Ù„ÙØªØ§Ø­ | Digital Marketer | iPhotograph ğŸ“¸ | iDesign logos | DM for Promo/Business ads; ğŸ“§ theolaoflagos@gmail.com
THEBEAT999FM,THE BEAT 99.9FM,"Lagos, Nigeria",2009-07-01 20:01:03,2176586,8798,2214,,FALSE,,TRUE,571566,https://t.co/jsHZJECAqi,"THE BEAT 99.9FM is The station to tune to at home, in the car, at work and online. A full-service station with entertainment, news, sports and exciting shows."
MI_Abaga,Yung denzL,,2009-06-24 7:47:30,1649815,8685,16063,,FALSE,,TRUE,38690,https://t.co/j7JCEnuENU,Judah EP
JAYWONJUWONLO,Ä€jÃ© Daddy,"Lagos, Nigeria",2010-03-20 13:36:37,303270,8659,13288,,FALSE,,TRUE,92826,https://t.co/ZIjGg4edZk,ğŸ”Š Aje The Mixtape Out Now ğŸ‘‰ğŸ» https://t.co/ZIjGg4edZk Bookings: bookjaywon@gmail.com ğŸ‘»: jaywonjuwonlo
pengmanmodel,Peng Man ğŸ”¥,Lagos/Manchester,2009-11-13 16:27:24,48447,8349,386384,,FALSE,,FALSE,213884,https://t.co/xPHAaEBPqH,Model / VJ / New Age #Influencer / ALPHA MALE || Creative Head @tlmurban @5klogosdesign || Follow my IG - https://t.co/QxBt35T3Tn ||SC ğŸ‘» mj-sniper
___FAREED,ğ”½ğ”¸â„ğ”¼ğ”¼ğ”»,"Maiduguri, Nigeria",2015-03-30 10:54:25,113136,7995,65571,,FALSE,,FALSE,58917,https://t.co/qbYdOUaCjn,Social Media marketer | The only person on Twitter who doesnâ€™t claim to be a social media influencer.
Nappyblaze,ERICA ğŸ‘‘,,2010-04-16 15:47:51,34218,7660,72569,,FALSE,,FALSE,73496,,#BBNaija Season 5 Housemate | Queen ğŸ‘‘ | Brand promoter | Content creator | Fan Page â¤ #TeamErica
OloriSupergal,#BBNaijaLockdown,"Lagos, Nigeria",2009-08-29 13:14:39,154239,7371,8036,,FALSE,,TRUE,430222,https://t.co/4Vy2Jvy0zr,"Entertainment/Lifestyle page | Ads - hello@olorisupergal.com | 
RTs not endorsement"
dareynow,Darey Art Alade,"Lagos, Nigeria",2009-02-21 9:43:19,695146,7357,3071,,FALSE,,FALSE,59655,https://t.co/VkXet92Z7k,"Artist, Chief Creative Director @livespot360 Music: iTunes https://t.co/6lUp4QS6ti Bookings: +2348092222247"
vikiing_,SavageKingâ™”,,2019-10-05 18:06:00,40502,7326,131134,,FALSE,,FALSE,163628,https://t.co/5yjRUBQ7aa,
SAMKLEF,PRESIDENT SAMKLEF,United States,2009-10-24 9:45:25,576442,7285,21679,,FALSE,,TRUE,19706,https://t.co/8YFruLmfwp,WORLD STAR OF AFRICA...THE BLOGGINAIRE! FOR ADVERT X BOOKINGS PLS REFER TO THIS EMAIL. @klefsoundtv@gmail.com
Baudex,BABATUNDE OYEBODE ğŸ‡¦ğŸ‡ª,"Dubai, United Arab Emirates",2010-06-23 0:48:19,258830,7223,14,,FALSE,,TRUE,16985,https://t.co/Razr5WeKOd,â„™â„/ğ•Šğ•†â„‚ğ•€ğ”¸ğ•ƒ ğ•„ğ”¼ğ”»ğ•€ğ”¸ ğ”¹â„ğ”¸â„•ğ”»-ğ”¹ğ•Œğ•Šğ•€â„•ğ”¼ğ•Šğ•Š ğ•„ğ”¸â„ğ•‚ğ”¼ğ•‹ğ•€â„•ğ”¾/ğ•€â„•ğ”½ğ•ƒğ•Œğ”¼â„•â„‚ğ”¼â„
Al_ameen_Yabo,Al'ameenâœ¨,"Kaduna, Nigeria",2015-01-20 13:47:24,49761,6414,75320,,FALSE,,FALSE,67368,,POP expert||I'm NORTH perfect||Industrial Chemist in the making||Extrovert||Movies and games addict||Whatsapp/call me for business. 08140206282||#HalaMadrid||
TECNOMobileNG,TECNO Mobile Nigeria,Nigeria,2012-12-05 0:39:59,398023,6358,1592,,FALSE,,TRUE,15056,https://t.co/wWTAb7SIoe,"Official Twitter page for TECNO Mobile Nigeria. Follow for real time updates, stories and more."
Naijanewsmagtv,Prince Ighodalo,Nigeria,2012-03-03 6:08:26,101115,6350,211,,FALSE,,FALSE,164430,https://t.co/Iw7sQpgOEq,Digital Media/PR | Publisher @Naijanewsmag247
obyezeks,Oby Ezekwesili,"Abuja, Nigeria!",2009-04-21 23:09:07,1050295,6083,48968,,FALSE,,TRUE,106221,https://t.co/MBTH4ieprQ,"A fiercely passionate believer in the public good of nations, serving before leading. Validated by God and my Dad who taught me to never dignify nonsense."
mareeyerhh,QUEEN IN THE NORTHğŸ‘¸,kaduna/Abuja,2019-06-29 15:04:20,61641,5981,20010,,FALSE,,FALSE,38390,,"DM FOR PROMOTIONS/ADVERTS




i also sell shoes,bodycons and straight skirts..call 08067192010 or whatsapp to order."
FirstBankngr,FirstBank Nigeria,"Lagos, Nigeria.",2011-04-06 14:56:04,496174,5971,896,,FALSE,,TRUE,86173,https://t.co/lZmSsojzhG,"Your personal finance cheerleader for over 125years. Download the FirstMobile App today. For all complaints & service issues, kindly contact @fbn_help"
FrankHasAPlan,Frank Nwafor,"Lagos,Nigeria",2010-11-16 3:32:15,35962,5940,1411,,FALSE,,FALSE,105282,https://t.co/vOwo8aAgFR,beautiful things happen when Frank has a planğŸ§â€â™‚ï¸ | Founder @pimpgod_ng & Sound Genie Global | music consultant
OlisaOsega,Mazi Olisaemeka C. â„¢,Nigeria,2010-04-03 5:24:58,85239,5933,0,,FALSE,,FALSE,768109,https://t.co/PSuSgohfiw,Realist. Thinker. Certified internet junkie. Avid Music Fanatic. Food Lover. olisaemekaanagor@gmail.com
Gidi_Traffic,GIDITRAFFIC,Everywhere,2011-09-23 21:09:00,1690399,5828,15012,,FALSE,,TRUE,931898,,GIDITRAFFIC -Lending Each Other An Eye-  #TrafficUpdates #CityScout #GIDITRAFFIC #GiditrafficTv #InformationHub  info@giditraffic.com
Iceprincezamani,Iceprince,Worldwide,2009-02-11 8:04:34,2642032,5779,273,,FALSE,,TRUE,53973,https://t.co/KpLOMY6hNo,Super Cool Cats | Bookings Dami@dvppermusic.com
Realomosexy,"Dr Omotola .j. Ekeinde , MFR",contact:- yepng1@yahoo.com,2009-08-22 13:27:54,1326071,5735,2173,,FALSE,,TRUE,29669,https://t.co/vXcUG0pEkP,"Actress â€¢ singer â€¢ founder Teffest, Oyep â€¢ UNWFP ambassador â€¢ Amnesty Int activist â€¢ One of 2013 Time100 most influential in the world â€¢ Academy voting Member"
orla_mide,HorlaMide #Laycon #BBNaija,PENG TING â¤,2019-08-24 10:51:35,81138,5711,87609,,FALSE,,FALSE,58385,https://t.co/qtLXF8k5pf,"WIZKID all the way! || DM For Promotions, Ads/Campaigns|| I shoot ğŸ“¸"
TONTOLET,TONTO DIKEH,"Lagos,Abuja,Nigeria",2010-01-05 17:36:23,1316649,5647,1791,,FALSE,,TRUE,117905,https://t.co/wtbZKEZoN4,â€¢Yummy mummyâ€¢Business Tycoon â€¢Petrochemical Engineerâ€¢Nollywood Actorâ€¢Entertainerâ€¢ tontodikehmanagement@gmail.com
koredebello,Table For Two ğŸ¥‚,A state of Joy ğŸŒ,2009-10-19 15:27:53,540529,5489,22029,,FALSE,,TRUE,60824,https://t.co/j1sAIkl1Rw,"How you feeling today ?!


                                                Bookings @CasperTainment    
            
Email: koredebello@caspertainment.agency"
UcheDandyMUFC,Uche Daniel,"Lagos, Nigeria",2009-06-22 12:10:58,38633,5437,2487,,FALSE,,FALSE,518334,https://t.co/d3baDVo2Db,Java Guy | Manchester United fan with a passion | Son of a praying Mother | Favored child of a Glorious God | You Canâ€™t Shame The ShamelessğŸ˜Œ|Views are MINEğŸ˜Š
MaziIbe_,Mazi Ibe,.... left side of sanity,2010-02-09 12:41:58,284129,5226,4723,,FALSE,,FALSE,439820,https://t.co/9EAlfLyMbg,Brand Ambassador @lotto9jang - Columnist @businessdayng - PR - Brand Manager - Ads and Promotions ğŸ“§ ipissmedia@gmail.com info@ipissmedia.com.ng
MaziIbe_,Mazi Ibe,.... left side of sanity,2010-02-09 12:41:58,284153,5224,4723,,FALSE,,FALSE,439825,https://t.co/9EAlfLyMbg,Brand Ambassador @lotto9jang - Columnist @businessdayng - PR - Brand Manager - Ads and Promotions ğŸ“§ ipissmedia@gmail.com info@ipissmedia.com.ng
AirtelNigeria,Airtel Nigeria,Nigeria,2011-07-25 13:06:07,556366,4927,618,,FALSE,,TRUE,57789,https://t.co/lQQIAiqOfN,Rated top Nigerian company to work for on Jobberman ğŸ¥‡. Home of Nigeriaâ€™s coolest network subscribers. Customer care:@airtel_care https://t.co/iz3jodNSB8
chidimokeme,chidi mokeme,"Lagos,Nigeria",2009-04-08 22:32:44,168272,4795,124,,FALSE,,FALSE,19947,https://t.co/umRTSNJifh,"Actor, Film Maker, Transformational Speaker, Activist, Lifematician, Entrepreneur"
ogundamisi,KÃ¡yÃ²Ì£dÃ© Ã’gÃºndÃ¡misÃ­,Lagos. London.,2009-03-09 0:33:53,561758,4760,5606,,FALSE,,TRUE,160063,https://t.co/3nwXzgIlWa,"The Canary! Proudly ğŸ‡³ğŸ‡¬ğŸ‡¬ğŸ‡§

I comment on Nigeria and the Globe.

Comments are in my personal capacity."
wandecoal,Wande Coal,Nigeria,2009-04-30 7:26:19,1997493,4739,3426,,FALSE,,TRUE,23310,https://t.co/l9vH034Sd0,New Song #NaughtyGirl Out Now! ğŸ”Œ Inquiries: Booking@starstruckmgmt.com
iamdihealer,sHEiKh HeALeR ğŸ‘³ğŸ½â€â™‚ï¸,"Kano, Nigeria",2015-01-30 19:44:51,37065,4735,83859,,FALSE,,FALSE,83728,https://t.co/evRs6km6FI,"CuleğŸ’™â¤ï¸ || IG: iamdihealer || I'm not who you know, I'm not who you wish || June 27"
Soundsultan,@soundsultan,"ÃœT: 8.164828,4.256692",2009-04-15 3:12:19,992270,4713,2911,,FALSE,,TRUE,99466,https://t.co/gbhNGnwhqb,"U.N peace Ambassador, Oxfam Ambassador Africa, song writer,basketball business musician, , multi award winning NIGERIAN ARTISTE  Be the Light"
Aljazirahnewsng,Aljazirah Nigeria,Abuja,2013-12-21 22:16:59,58074,4582,182,,FALSE,,FALSE,30859,https://t.co/cD1JdM2mqO,"This is the official Twitter Handle of Aljazirah Nigeria Newspapers, the first in breaking the news around the world"
legitngnews,Legit.ng,"Lagos, Nigeria",2012-05-02 12:11:25,708104,4504,650,,FALSE,,TRUE,263935,https://t.co/SHcYlqHd6g,"https://t.co/HMyQ4xbDJC (ex https://t.co/6hySNB5pk0) â€“ leading the way. We cover politics, business, sports, entertainment news&more to enrich Nigeriansâ€™ lives."
legitngnews,Legit.ng,"Lagos, Nigeria",2012-05-02 12:11:25,708132,4503,650,,FALSE,,TRUE,263933,https://t.co/SHcYlqHd6g,"https://t.co/HMyQ4xbDJC (ex https://t.co/6hySNB5pk0) â€“ leading the way. We cover politics, business, sports, entertainment news&more to enrich Nigeriansâ€™ lives."
official2baba,IG: @official2baba,Nigeria,2009-08-19 0:42:24,2911052,4269,240,,FALSE,,TRUE,9333,https://t.co/CsKC2qlTG1,"International award winning musician from Nigeria.
UNHCR Goodwill Ambassador 
@Refugees 
#ONELOVERELIGION"
eLDeeTheDon,eLDee,"Georgia, USA",2009-06-06 22:04:46,982415,4261,2555,,FALSE,,TRUE,48024,https://t.co/wtxWVsJq51,"RE Investor, Podcaster, Musician, Cyclist."
marrgarritah,#NowThatYouReInHR,"Lagos, Nigeria.",2011-02-21 10:36:47,42866,4210,2661,,FALSE,,FALSE,516903,,HR Pro. #NowThatYouReInHR | A Cook | A Nora Roberts' Stan | In Love with Roarke&Eve | Potterhead | Feminazi | Hopeless Romantic | @Magzkitchen
bluegirlolu,Unilag's Finest âœ¨,Lagos,2019-08-11 4:14:38,161655,4205,18295,,FALSE,,FALSE,79554,,Proudly Nigerian ğŸ‡³ğŸ‡¬ || DM only for promotions
RealSeunKuti,Seun Anikulapo Kuti,"Lagos, Nigeria",2011-11-24 15:57:33,110861,4119,9404,,FALSE,,FALSE,199145,https://t.co/5QgvNVEQIz,"GRAMMY NOMINEE  
Night Dreamer is OUT NOW. Listen to it here: https://t.co/GRzne9CPSV"
AuntyAdaa,AUNTY ADA,,2012-09-26 12:07:26,250567,3935,3135,,FALSE,,FALSE,203706,,ADs and Promotions AuntyAdaa@gmail.com | https://t.co/lEILcI4BDE
Omojuwa,JJ. Omojuwa,Africa,2010-02-19 10:01:16,901983,3920,18250,,FALSE,,TRUE,565642,https://t.co/mLpDTDmkt1,ğŸ”ºAuthor of @DGTLwealthbook . ğŸŸ¡Order on Amazon https://t.co/nazDjj6TN4 ğŸŸ¥Behaviour Change @UCL Faculty of Brain Sciences â¬›ï¸ @CheveningFCO scholar ğŸ‡³ğŸ‡¬
Omojuwa,JJ. Omojuwa,Africa,2010-02-19 10:01:16,901907,3920,18250,,FALSE,,TRUE,565641,https://t.co/mLpDTDmkt1,ğŸ”ºAuthor of @DGTLwealthbook . ğŸŸ¡Order on Amazon https://t.co/nazDjj6TN4 ğŸŸ¥Behaviour Change @UCL Faculty of Brain Sciences â¬›ï¸ @CheveningFCO scholar ğŸ‡³ğŸ‡¬
nighealthwatch,Nigeria Health Watch,"Abuja, Nigeria",2009-05-24 13:21:08,89461,3830,33765,,FALSE,,TRUE,76968,http://t.co/4fFLrqSjl8,Putting health and healthcare at the forefront of the public agenda in Nigeria. Find out more at https://t.co/umRE8Ql78A
basket_mouth,Basketmouth,"ÃœT: 6.424594,3.419401",2010-01-04 18:12:56,2003600,3649,428,,FALSE,,TRUE,9173,https://t.co/STxslCHAIQ,Basketmouth
PreciousChee,Smallieee âœ¨,"Lagos, Nigeria",2016-10-09 19:01:37,71401,3630,9488,,FALSE,,FALSE,85932,https://t.co/YPXHOypr7A,ASPIRING TO LIVING LIFE TO THE FULLEST ~ weâ€™re automatically friends when you follow & checkout my business page @xtrasdotcom ğŸ˜
HenshawKate,Kate Henshaw,worldwide,2010-04-20 22:28:01,712027,3457,71489,,FALSE,,TRUE,172395,,"I believe in the father, son and holy spirit.
Sapiosexual. Intrepid"
Waconzy,WACONZY,United States,2009-04-08 1:26:28,109460,3447,3959,,FALSE,,TRUE,52607,https://t.co/ksVwIo7Ewq,"God 1st â˜ï¸| Legendary Afrobeats / Afropop Musician | leader of waconzylites â¤
SUBSCRIBE TO MY YOUTUBE CHANNEL ğŸ‘‡ğŸ‘‡"
iam_kcee,KCEE,Worldwide!!!!,2012-06-07 21:45:51,721403,3369,989,,FALSE,,TRUE,24190,https://t.co/9QeYUE7dV0,"Five star music Recording Artiste,Songwriter,.....For booking and enquiries call CHIDOZIE on +2348160056414 fivestarmusicng@gmail.com"
stelladamasus,Stella Damasus,New York | Atlanta | L.A |,2009-10-21 23:13:55,457504,3325,18474,,FALSE,,TRUE,37341,https://t.co/nHPg1iUgdP,Actor|Producer|African Ambivert|stelladamasus@gmail.com
PeterPsquare,Peter Okoye MrP,All Around The World,2009-06-14 4:31:08,2896241,3072,165,,FALSE,,TRUE,24352,https://t.co/0iwCYKJwJn,Musician/Entertainer/ businessman/ ZOOM CEO. For Bookings Contact Emem info@one1mgt.com
YeleSowore,Omoyele Sowore,New York,2013-01-01 4:27:23,206743,3029,42,,FALSE,,FALSE,38353,https://t.co/5X74KdFtyV,
BrymOlawale,á»ŒlÃ¡wÃ¡lÃ©  á»Œlá»Ìfá»á»Ì€rá»Ì€,Earth,2009-08-14 0:35:48,410657,3026,6855,,FALSE,,TRUE,23087,https://t.co/g6HHgzy3ye,most powerful artiste in the world....tweets are rated 21+ ... follow link to HAPPINESS ğŸ‘‡
vanguardngrnews,Vanguard Newspapers,Nigeria,2009-05-14 11:36:29,2614570,2938,3268,,FALSE,,TRUE,508362,http://t.co/35wbjI46XF,"Latest news from Nigeria.
Politics, business, technology, style, entertainment."
THEBEAT979FM,THE BEAT 97.9 FM,"IBADAN, NIGERIA",2012-12-31 21:20:13,138200,2845,12213,,FALSE,,TRUE,349719,https://t.co/uytFk84hfX,"THE BEAT 97.9FM is THE HEART BEAT OF IBADAN. Tune in at home, office, car, and online. Email: info@thebeat97.com â˜ï¸ 08052229007"
kachwanya,Kachwanya,"Nairobi, Kenya",2009-02-06 23:25:48,73621,2839,6362,,FALSE,,FALSE,66754,https://t.co/AjylkPFL4n,"-Technology in Africa - Tech Opinions, Gadget Reviews, and News Analysis. https://t.co/vvAqd4DkpX"
gtbank,Guaranty Trust Bank,"Lagos, Nigeria",2009-08-08 14:45:25,1606949,2829,1581,,FALSE,,TRUE,150758,https://t.co/VpFnxki4RQ,Enriching Lives Since 1990. Follow us for everything finance and how we empower communities. For complaints and enquiries tweet at @gtbank_help
Jessejagz,Jesse Garba Abaga,"Nigeria, Africa",2009-06-10 15:56:27,692294,2827,694,,FALSE,,TRUE,10196,https://t.co/1T8iiTyRpB,"JAGZNATION

contact Info: 
meetjessejagz@gmail.com 
+234 815 341 8276
https://t.co/hiCDekldWH"
bellanaija,BellaNaija,,2008-08-12 6:23:37,1658654,2801,355,,FALSE,,TRUE,181886,https://t.co/FsukKbQ2i3,"We LOVE Everything Fab & African - Fashion, Music, Movies & Weddings! Join us at https://t.co/tyyaqFkjVK | Twitter updates by the BN Squad."
bellanaija,BellaNaija,,2008-08-12 6:23:37,1658639,2801,355,,FALSE,,TRUE,181886,https://t.co/FsukKbQ2i3,"We LOVE Everything Fab & African - Fashion, Music, Movies & Weddings! Join us at https://t.co/tyyaqFkjVK | Twitter updates by the BN Squad."
GloWorld,Glo Nigeria,,2011-04-04 11:40:11,730475,2769,899,,FALSE,,TRUE,228710,https://t.co/tYlokRWwfY,"Welcome to GloWorld, a world with no limits. Be the 1st to know about our products, services & offers. For enquiries, queries & complaints, pls follow @GloCare"
IamDrSID,Dr SID,,2009-06-11 14:03:24,1158345,2679,2396,,FALSE,,TRUE,21650,https://t.co/URbgAJOsks,Contact: â˜ï¸ +2349035113436 ğŸ“§ bookings@zerogravityltd.com Epic Creator Code IAMDRSID use in the item store
IFM923,Inspiration FM 92.3,"Victoria Island, Lagos.",2012-06-03 15:44:49,129937,2677,7329,,FALSE,,FALSE,130818,https://t.co/CJ9SIuCdbj,"#YourNo1FamilyRadio ğŸ“»  


Call us live ğŸ‘‰â˜ï¸: 0700923923923   |


WhatsApp: 08173136193"
TiwaSavage,Tiwa Savage âš”ï¸,,2009-05-09 4:29:32,4201982,2669,604,,FALSE,,TRUE,36853,https://t.co/moWheVkK7b,Universal Music Group Vannessa.Amadi@va-pr.co.uk mekkamillions@gmail.com +234 808 719 2902
OgbeniDipo,Dr. DÃ­pÃ² AwÃ³jÃ­dÃ©,England | Nigeria,2010-06-08 20:08:14,635193,2618,3891,,FALSE,,FALSE,190645,https://t.co/k7ZYFHofib,"Senior Lecturer in Strategy | Careers, MSME & Personal Development Coach | Founder @BTDTHub, @BTDTBizHub & @BTDTHomeTutors | #LinkedInTopVoicesğŸ‡¬ğŸ‡§"
Yung6ix,Billi Bandz,Trapfro,2009-09-03 1:08:36,408427,2604,7050,,FALSE,,TRUE,90957,https://t.co/sRuR3UeCSi,Bookings and inquiries : hsworldwide@yahoo.com
Femiakuti,Femi Anikulapo-Kuti,"Lagos, Nigeria",2012-11-14 15:10:26,110832,2599,2044,,FALSE,,TRUE,47990,https://t.co/opedz8oF2B,Agents-U.S email tom@partisanarts.com tel-+14153316700 .Nigeria -08083042356 https://t.co/33lX1PoBOO
Lulu33_ZS,LULUğŸ‘¸ğŸ‘¸,,2017-01-25 6:05:50,40676,2592,60383,,FALSE,,FALSE,28353,,
mrmanheree,AJ | Adonai ğŸ‘‘ (Vol 2),In The Hands Of God,2017-08-12 13:52:23,65797,2564,13207,,FALSE,,FALSE,73834,https://t.co/yG0RMlM06X,Rebirth | Pan African | Realist. | Madrid ğŸ¤ + Chelsea ğŸ’™ |mradonaijonathan@gmail.com
MobilePunch,Punch Newspapers,"Lagos, Nigeria",2009-03-14 0:27:10,3377505,2552,322,,FALSE,,TRUE,422280,http://t.co/AFJHixaX8r,"This is the official Twitter handle of PUNCH Newspapers, the most widely read newspaper in Nigeria."
Osi_Suave,Cinderella Man,Lagos | Newyork,2009-10-31 23:21:38,153451,2550,3805,,FALSE,,TRUE,245966,https://t.co/xjHSbLxxnT,"The Jeff Gordon of Radio | Formula 1 Enthusiast | Best Selling Author | Host of the Morning Rush on The Beat 99.9fm Lagos.

osi@thebeat99.com"
AbangMercy,Mercy,"Berlin, New York, Abuja ",2009-10-03 12:29:02,57949,2532,9289,,FALSE,,FALSE,213908,https://t.co/XiTtTzuel5,"Journalist, Media Fixer I @UN Fellow |MBA, Berlin School of Business| Diversity must work in tandem with inclusion |BContact: M.Abang {at} https://t.co/RwiHDC5Eoi"
julietibrahim,Juliet Ibrahim,Ghana/Liberia/Nigeria,2009-06-03 20:25:02,451643,2453,16731,,FALSE,,TRUE,25250,https://t.co/reDnofRuuI,"ACTOR, AUTHOR, BRAND INFLUENCER, COMPERE, YOUTUBER, HOST, CONTENT CREATOR, PRODUCER   Email: bookjulietibrahim@gmail.com CALL +233244042757 / +2348157729057"
OfficialWaje,WAJE,Planet music,2009-06-03 13:10:02,569012,2449,4581,,FALSE,,TRUE,38722,https://t.co/kYeNnCu3hl,MULTI AWARD WINNING SONGSTRESS  bookings@thisiswaje.com 08054655555
iamdbanj,D'banj D Kokomaster,CREAM VILLE,2009-06-30 15:15:34,3264361,2427,1712,,FALSE,,TRUE,7234,https://t.co/OdETilY5zO,Entertainer | Entrepreneur | The Avant Garde
toluogunlesi,tolu ogunlesi,Lagos/Abuja [Nigeria],2009-03-10 12:11:22,621100,2378,26329,,FALSE,,TRUE,165338,https://t.co/NWVFGtf0xa,"Special Assistant to President @MBuhari on Digital and New Media | Head, @DigiCommsNG | Communications | Public Policy | Digital | Tweets Personal"
SashaPofficial,Sasha P,Global,2009-11-06 13:58:12,257583,2377,6904,,FALSE,,FALSE,35102,https://t.co/OLzaAITCjR,"First Lady of African Hip Hop | Culture Curator|
Founder @hardknockseries Talent development agency| 
@cornnationng Gourmet Corn Service |
 @eclecticbysasha"
ritaUdominic,Rita Dominic,"Lagos, Nigeria",2009-05-25 9:30:36,1111971,2301,3747,,FALSE,,TRUE,35981,https://t.co/kRHhYNkCCZ,Nollywood Actor/Co-founder The Audrey Silva Company/Producer - The Meeting. Follow me on Instagram- RitaDominic. Booking Contact: mildred@audreysilva.com
Karen_Igho,@KarenIgho,"Manhattan, NY",2011-07-10 19:13:49,253082,2278,131,,FALSE,,TRUE,33234,https://t.co/mH8v6IFYCb,"Winner of the 2011 Big Brother Africa, a TV personality, Actress,model and DSTV Ambassador. legal@karenigho.co.uk"
kemiadetiba,Kemi Adetiba,Nigeria/New York,2009-03-20 11:22:28,162686,2219,11792,,FALSE,,TRUE,111549,https://t.co/lFIRiOMMOQ,"They call me the ""Bruce Lee of Visuals"". Storyteller... Visual Troublemaker - Director: KING OF BOYS, THE WEDDING PARTY, KING WOMAN ğŸ“©contact@kemiadetiba.com"
MTNNG,MTN Nigeria,"MTN Plaza, Lagos, Nigeria",2009-08-27 11:32:35,1078689,2149,2393,,FALSE,,TRUE,54072,https://t.co/Iv6iJ5AHkl,"You are not mistaken.This is the official twitter page for MTN Nigeria. The Network of Life! Here for you, Here for life. #StayConnected"
illBlissGoretti,iLLBLISS OGA BOSS,Lagos Nigeria,2011-03-16 17:09:16,302293,2131,15237,,FALSE,,FALSE,99719,,OFFICIAL ILLBLISS TWiTTER ACCOUNT// INSTAGRAM- illBlissgoretti // E-Mail- illblissbookings@gmail.com/illblissofficial@gmail.com/iamugo001@gmail.com
MaDailyGist,MaDailyGist,"Lagos, Nigeria",2012-02-06 20:27:30,170752,2118,471,,FALSE,,FALSE,868168,http://t.co/QO8spwXjXF,"Online PR|Promotion of Upcoming Artist Music&Video |Entertainment News|Goods& Services Promo
For Adverts
Email :Madailygist@yahoo.com
Phone Number: 08125007822"
Falilatt_,Falilat,"Lagos, Nigeria",2018-06-30 17:02:26,113537,2088,20412,,FALSE,,FALSE,132504,,Live! Badmusfalilatt@gmail.com
magbedu,MaGbedu,"Lagos, Nigeria",2013-07-15 17:46:26,198559,2082,103,,FALSE,,FALSE,1133766,https://t.co/PogS5vKNHu,Online PR|Promotion of Upcoming Artist Music&Video |Entertainment News|Goods and Services Promo  For Adverts Email :Madailygist@yahoo.com
YulEdochie,Yul Edochie,In God's heart,2010-04-13 18:26:16,484294,2019,480,,FALSE,,TRUE,10227,,"God's Angel on earth.
Nigerian/Biafran Actor & Film Director. 
Politician.
Voice of the voiceless.
Email: yuledochieofficial@yahoo.com"
uchejombo,Uche Jombo Rodriguez,"Houston, TX / / Lagos Nigeria ",2009-08-21 0:09:41,897806,1960,3438,,FALSE,,TRUE,26920,https://t.co/R0CbXeWpnu,Actor|FilmMaker https://t.co/PemFSD15iQ ucheopportunity@gmail.com |ğŸ“½|âš½ï¸|ğŸ‡³ğŸ‡¬|ğŸ‡ºğŸ‡¸ |#MUFC| #MESSI
AnnieMacaulay1,AnnieMacaulay Idibia,Happy Place..,2010-06-13 12:40:56,230201,1949,446,,FALSE,,FALSE,10611,,"Nollywood Actress,Producer n Presenter...Ff me @annieidibia1 on instragram! Management call 08175795458 email naomiadenuga@gmail.co"
BankyW,Banky Wellington,"ÃœT: 6.444257,3.427152",2009-05-19 8:00:03,3032307,1940,979,,FALSE,,TRUE,59552,https://t.co/j9zqnrSttg,"Music, Movies, Media, Marketing, Ministry, Politics & Philanthropy"
munachiabii,Munachi abii,Africa,2009-05-02 21:32:22,152587,1930,5318,,FALSE,,FALSE,45685,https://t.co/G7P4IWkbhy,"Most Beautiful Girl in Nigeria, FILM DIRECTOR,Model Coach , Writer, Musician, Actor, Artist, Tv host & ... honestly I am just a creative!"
Shoprite_NG,Shoprite Nigeria,Nigeria,2013-07-08 7:21:08,221800,1897,2750,,FALSE,,TRUE,17131,https://t.co/r6H4pe095s,"Official news and tweets from Shoprite Nigeria. Comment, ask and share your thoughts #ShopriteNigeria"
youngskales,SKALES,Nigeria,2009-10-07 14:07:49,705493,1887,15865,,FALSE,,TRUE,86511,https://t.co/TiyjS2BSM4,The #HealingProcessEP OUT NOW â¤ğŸ•Š / kollertunzent@gmail.com | +2348066851445
kktravelsStore,KKTravels Store,Nigeria,2012-05-30 15:13:54,158429,1876,9,,FALSE,,FALSE,675957,https://t.co/xg6HR30Xjw,Shop on Over 200+ US online Store and Have it Deliver to you at home | Buy your Dream Car directly US and have it Delivered to you
MoCheddaH,Mo CheddaH,www.mocheddah.co,2009-08-07 22:45:21,315465,1823,648,,FALSE,,FALSE,21891,https://t.co/JaLDrE4dEf,"multi award winning artiste, fashion designer, cosmetics"
DStvNg,DStv Nigeria,Nigeria,2010-05-01 15:52:43,228888,1799,2045,,FALSE,,TRUE,298928,https://t.co/wBIdhsUiPr,"The official twitter account of DStv Nigeria! Customer Service: @DStvNgCare  OR https://t.co/wBIdhsUiPr Call us: 09090630333, 07080630333, 08113630333"
funkeakindele,Funke Akindele Bello,Lagos/Nigeria,2010-12-28 13:14:29,1164111,1785,221,,FALSE,,TRUE,59645,https://t.co/bzBrCd6CSq,"THE OFFICIAL TWITTER ACCOUNT OF FUNKE AKINDELE.ACTRESS,MOVIE PRODUCER AND SCRIPT WRITER."
ThickLeeyonce,thickleeyonce,South Africa,2010-08-04 20:32:49,208009,1775,24357,,FALSE,,FALSE,152176,https://t.co/EH3wNTxbdO,Photographer| Plus size blogger & model | Body Positive | Clothing brand (LeeBex) co owner | email leeyonce@live.com
ChinkoTiger,KING OF DOINGS ğŸ…,"Lagos, Nigeria",2011-10-26 16:42:58,206536,1747,593,,FALSE,,TRUE,36573,https://t.co/9EUQb0A7Dl,TIGER | Indigenous Rap Artist | BOOKINGS: ğŸ“ +35796856782 ğŸ“§ bookingsfortiger@gmail.com
Wazobia_FM,Wazobia FM 95.1,Lagos,2011-08-30 11:39:25,1176372,1723,5785,,FALSE,,FALSE,254530,https://t.co/8Soka2uG7w,"Wazobia FM, the 1st Pidgin Radio Station In Nigeria."
beatsbysarz,Sarz Is Not Your Mate âš¡ï¸,,2010-04-10 11:51:58,560365,1719,1637,,FALSE,,TRUE,24932,https://t.co/NGHcbw99JZ,booksarz@gmail.com
GbemiOO,Gbemi O-O,"Lagos ,Nigeria",2009-05-24 13:09:15,535835,1667,1290,,FALSE,,TRUE,68110,https://t.co/E4KKV96MlY,âºMedia Personality - The Beat 99.9FM  âºCEO Gbemisoke shoes.        âºMedia Consultant- Speakerboxx LTD â¹09095009908 for shoes
djkaywise,Okiki,"Lagos, Nigeria",2011-06-10 18:26:29,262678,1667,2305,,FALSE,,TRUE,54626,https://t.co/lNwW8QBjOl,â˜ +2348087527948 ğŸ“§ Bookdjkaywise@gmail.com
carolinespencer,Shosho Light,MERU  - Njuri Ncheke Street,2009-05-23 14:27:40,63725,1664,2350,,FALSE,,FALSE,220113,https://t.co/bBX1A8y5s6,"Chill, It's never that serious. 
issa joke ğŸ˜­ğŸ˜†ğŸ˜‚"
TheFavoredWoman,FOLA,"Lagos, Nigeria",2011-04-21 4:38:23,37674,1657,7073,,FALSE,,TRUE,111095,https://t.co/KH2NheI22Y,"Media Manager || @BRMC_NG || @NewsWireNGR|| @Ubumuntuartfest

   Africa First. Women First.

All views and opinions expressed here are mine only."
CandieModiselle,Candice Modiselle,"Joburg, South Africa",2011-07-12 8:45:17,266757,1638,14130,,FALSE,,FALSE,79315,,â€¢God Approvedâ€¢Presenterâ€¢ Actressâ€¢Radio Hostâ€¢VO Artistâ€¢Speakerâ€¢Wits BA Dramatic Arts Honoursâ€¢Educatorâ€¢Bookings: candicemodiselle@gmail.com
followlasg,The Lagos State Govt,"Lagos, Nigeria",2012-11-19 14:40:43,603458,1587,400,,FALSE,,TRUE,31029,https://t.co/5YrmkgogRl,"The official twitter account of the Lagos State Government.Get timely updates of news, tweets, photographs & videos about the activities of the State Government"
CoolFMNigeria,Cool FM Nigeria 96.9,Lagos,2010-02-24 14:02:32,1923580,1542,5159,,FALSE,,TRUE,699449,https://t.co/cLmNxdJayS,"Your #1 Hit Music Station! Join our Cool Community on IG: CoolFMLagos | FB: CoolFMNigeria | Periscope,Youtube & G+: CoolFMNigeria"
CoolFMNigeria,Cool FM Nigeria 96.9,Lagos,2010-02-24 14:02:32,1923534,1542,5159,,FALSE,,TRUE,699464,https://t.co/cLmNxdJayS,"Your #1 Hit Music Station! Join our Cool Community on IG: CoolFMLagos | FB: CoolFMNigeria | Periscope,Youtube & G+: CoolFMNigeria"
StanbicIBTC,Stanbic IBTC,Nigeria,2012-07-23 5:25:51,300589,1534,4195,,FALSE,,TRUE,89100,https://t.co/vDLwosaqxA,"No matter the size of your dream, always believe that #ItCanBe.
Slide into our DM, letâ€™s get you closer to achieving it.
â˜- 0700 909 909 909"
GenevieveNnaji1,Genevieve Nnaji MFR,Right here and now,2010-02-11 11:11:19,2308485,1512,1258,,FALSE,,TRUE,8010,,Artist
ikechukwuKillz,IKECHUKWU ONUNAKU,"Lagos, Nigeria. NYC",2009-06-01 13:42:03,213935,1507,6500,,FALSE,,FALSE,20954,https://t.co/vTDjjmtlAN,"ğŸ’¥ğŸ’¥ğŸ’¥
instagram: @official_ikechukwu 
 bookings: wfagoodies@gmail.com
https://t.co/T3R3VP5zR3"
dammy_krane,WORLDSTAR,FUTURE,2010-03-19 13:49:12,359667,1486,747,,FALSE,,TRUE,38299,,#SonOfGod #YoungestInCharge #LeaderOfTheStreet #DammyKraneForTheGirls #WorldstarMovement4Lyf #ENTERKRANER #PrideofAfrica julie@runabeat.com
djjimmyjatt,Cool DJ Jimmy Jatt,"Lagos, Nigeria",2009-04-04 2:26:26,929061,1483,174,,FALSE,,TRUE,15873,https://t.co/HK5BAEMuya,"#DJJJ,Veteran, Legendary, Premium DJ! Like fine wine, gets better with time, if u don't know by now, see your doctor...lol"
wizkidayo,Wizkid,STARBOYâ­ï¸ğŸŒ¹,2009-04-17 23:32:29,6868095,1450,866,,FALSE,,TRUE,52326,,https://t.co/yYxnSrtU2Z
DENRELE_EDUN,Denrele Edun,Nigeria,2009-03-25 2:08:59,447438,1443,6229,,FALSE,,TRUE,114438,https://t.co/YXFmAyJBQj,"Born wtout a STOP button; Denrele stalks in 2a room&ur jaw literally drops! Epileptic DANCER, Eccentric HOSTÂ»(Won 90 Awards) LipSyncBattleAfrica Host & #TheBoot"
deejayneptune,DJ Neptune #NoBody,,2009-03-16 7:05:31,636732,1441,30176,,FALSE,,TRUE,96366,https://t.co/9s64xBIBTD,"Artiste / Producer / Radio DJ @Urban96FM.

â˜: Â±2348025282300
Get #NoBody Ft Joeboy & Mr Eazi â¡
https://t.co/MNqvqAIECz"
ZenithBank,Zenith Bank,Nigeria,2014-07-22 9:30:43,1224383,1434,1247,,FALSE,,TRUE,93177,https://t.co/yemcg28wKw,We are a leading African Bank with a bias for providing quality service and innovative products that go on to define acceptable industry standards.
abati1990,Reuben Abati,Nigeria,2012-06-04 6:40:07,638050,1400,177,,FALSE,,TRUE,41482,,"Journalist, Writer, Official Presidential Spokesperson, Nigeria, 2011-2015, Senior Research Associate, National Open University of Nigeria, TV Anchor, Arise TV"
JuliusAgwu1,Julius d'genius Agwu,Worldwide,2010-04-22 17:53:18,579148,1333,76,,FALSE,,TRUE,13860,https://t.co/bCSAbbRtCv,"Iam the Real Julius Agwu- an actor, director, compere, comedian, musicomedian, life-coach, public-speaker and author.. Follow on Instagram: @Juliusagwu1ğŸ¤“"
rudeboypsquare,Rudeboy,all over the world,2011-06-19 18:27:18,1388702,1318,53,,FALSE,,TRUE,29752,,artiste/musician. rudeboydeal@gmail.com
PolarisBankLtd,Polaris Bank Ltd.,"3 Akin Adesola,Str, V.I, Lagos",2011-10-17 14:29:03,112543,1309,369,,FALSE,,FALSE,42730,https://t.co/7yUHPCZG2U,Welcome to the Official Twitter handle of Polaris Bank Ltd. Please do not tweet personal information or account details.
IamReminisce,#VIBES & INSHA ALLAH. #JULY29TH,Nigeria,2009-06-09 15:36:55,837324,1300,544,,FALSE,,TRUE,20429,https://t.co/ZT9RCLoGl5,"Rapper, Singer , Songwriter ............ Tungbaist!!!"
coldstoneng,Cold Stone Creamery,"4, Saka Tinubu, VI, Lagos.",2012-10-08 11:41:57,44817,1290,2002,,FALSE,,FALSE,7810,https://t.co/fM2N7aWigR,Official Twitter Account of Cold Stone Creamery Nigeria - The Ultimate Ice Cream Experience! Sweet tweets made fresh daily...just like our ice cream!
PulseNigeria247,Pulse Nigeria,,2011-09-17 10:03:37,140836,1287,7043,,FALSE,,TRUE,156394,https://t.co/qvEqpI8Z4U,We inform & engage - 24/7| Lots of fun games on https://t.co/Z3nV1SuIeg| Adverts:ğŸ“§ ads@pulse.ng
PulseNigeria247,Pulse Nigeria,,2011-09-17 10:03:37,140807,1287,7043,,FALSE,,TRUE,156394,https://t.co/qvEqpI8Z4U,We inform & engage - 24/7| Lots of fun games on https://t.co/Z3nV1SuIeg| Adverts:ğŸ“§ ads@pulse.ng
StephanieLinus,Stephanie Linus (MFR),Nigeria,2009-06-11 5:04:30,408884,1275,1281,,FALSE,,TRUE,12120,https://t.co/56lQNrHH2p,https://t.co/FcIwrNy5e6 Nollywood Actress /writer/director/producer. official: https://t.co/dWGwQ50su0
iamDo2dtun,Do2dtun Energy gAD,"ÃœT: 6.431551,3.437344",2009-04-28 2:50:09,312154,1227,4158,,FALSE,,TRUE,80052,https://t.co/YGH0OpJenp,OAP 96.9 Coolfm/ Energy gAD/ Hypeman/ MC / CITY PEOPLE OAP of d yr 2015 | Dynamix OAP 2011| TV host | NEA 2015 l Beatz award OAP of the year 2017 & 2019
Monalisacode,MonalisaChinda Coker,Lagos / London,2010-05-22 20:59:08,372540,1215,1518,,FALSE,,TRUE,8560,https://t.co/XmRRT9vcgE,Monalisa Chinda Coker â€¢ Nollywood Actress â€¢ Producer â€¢ Multiple Award Winner â€¢ UN Ambassador â€¢ Host @youanditv â€¢ Founder @arisemonalisa
Omonioboli,Omoni Oboli,"Lagos, Nigeria",2009-05-09 20:21:52,236424,1206,5999,,FALSE,,TRUE,46696,https://t.co/WzeRgvTRb7,"Wife, Mom, Award Winning Actress & Producer, Writer, Director, Author, Fashionpreneur. #TutuFellow"
Chukie_lynxxx,Chukie Edozien,"ÃœT: 6.461097,3.430133",2009-03-20 0:10:59,159901,1139,927,,FALSE,,TRUE,29659,https://t.co/f5aEkYHm0W,God 1st â€¢ Syndik8 Records CEO / Artist : Founder of UTUNU : Bookings: ishaku111@gmail.com â€¢ Insta / Snap : @its_Lynxxx
CristianGilDj,Cristian Gil,"Alicante, Spain",2009-11-02 6:37:44,115956,1130,4176,,FALSE,,FALSE,7976,https://t.co/mqUNxtVSal,â€¢ Deejay â€¢ Productor musical | Conocido por su mÃºsica y estilo.
iRuntown,Runtown,,2010-04-12 8:43:57,1284222,1123,207,,FALSE,,TRUE,37248,,bookings@soundgodmusicgroup.com
NseIkpeEtim,Nse Ikpe-Etim,"ÃœT: 40.550899,-74.33429",2010-08-29 18:26:06,266928,1115,2438,,FALSE,,TRUE,21926,https://t.co/sPCfTDfbC6,info@nseikpeetim.com
ToolzO,Toolz O.D,West Venus,2009-06-28 19:05:19,1318379,1053,217,,FALSE,,TRUE,52904,https://t.co/hLy3DvrH2y,"Presenter & Director of Programmes at Beat 99.9FM| TV Presenter | Media Personality  
Bookings: info@officialtoolz.com
IG: @ToolzO
FB: @OfficialToolz"
MisterMayD,May D (LEGEND),"Nigeria. ""Lowo Lowo""",2010-04-09 23:06:24,155156,1052,7088,,FALSE,,TRUE,29974,https://t.co/Xx7Xo3GWmB,"SURE BOY OF AFRICA .. #ConfamEnt... For bookings, contact.  , @d_tomiwa , @shopsydoo maydbookings@yahoo.com"
burnaboy,Burna Boy,OUTSIDE,2010-11-12 21:52:05,3654820,1044,18648,,FALSE,,TRUE,60074,https://t.co/3be2V1er9C,"Bookings: management@onaspaceship.com UK Contact: +447595155217 , Whatsapp: +2348033091184 PR: @Bukihqmedia"
DaddyFRZ,Daddy Freeze,"ÃœT: 6.435219,3.445726",2009-09-28 16:06:44,316571,1033,154,,FALSE,,FALSE,13106,https://t.co/F5I7KvZmeu,"light bringer, Servant of Yahweh most high, Scripture Scholar. Convener, #FreeTheSheeple Movement, Leader, #FreeNation. 1st Nig Nickleodeon award winner."
mrdutchempire,Mr. Dutch,"Lagos, Nigeria",2012-11-19 9:56:21,246349,1029,5456,,FALSE,,FALSE,20054,https://t.co/mknhzc9rmc,#AfroCyborgğŸ¤– #Mamacita OUT NOWğŸ‘‡ğŸ¾
patorankingfire,PATORANKING,Zion.,2009-08-15 23:22:31,2354845,994,5577,,FALSE,,TRUE,62552,https://t.co/7AevudrqlD,Next big thing after Bob Marley!! Bookings: | Bookings â˜ï¸ +2349077973749 |patorankingbookings@yahoo.com | #WhaYaSay
SirUTI,Uti Nwachukwu,INTERNATIONALLY NIGERIAN,2009-06-20 17:17:26,447680,959,2360,,FALSE,,TRUE,36237,https://t.co/EMYuHIlIIR,THE OFFICIAL TWITTER PAGE OF UTI NWACHUKWU- NIGERIAN TV PRESENTER/ACTOR/MODEL&EVENTS' MC. WINNER BBA ALLSTARS.SPIRITUAL NOT RELIGIOUS.@HerStoryOurStory SARC REP
DJXCLUSIVE,SuperstarDJ,"ÃœT: 51.513796,-0.15434",2009-04-23 17:40:06,798357,951,56,,FALSE,,TRUE,64995,https://t.co/hm3dtlI9LA,#SUPERSTAR DJ | For Bookings: Email -- bookingsdx@gmail.com | For Bookings: Call 08170001121
brianmutinda_,MutindağŸŒ•,Nairobi,2013-04-22 7:39:00,43613,950,27248,,FALSE,,FALSE,45526,https://t.co/WMz4Yy7v83,Live a little.
DJSPINALL,Top Boy,Here & there to serve,2010-06-14 10:31:29,772540,941,36823,,FALSE,,TRUE,88580,https://t.co/Hy2FjiXIe9,All Enquiries - info@djspinall.com
OfficialPDPNig,Official PDP Nigeria,"Abuja, Nigeria.",2016-06-26 13:49:03,613068,924,11370,,FALSE,,TRUE,24809,https://t.co/OpUnHqt3co,"This is the Official Twitter Handle of our great Party, the PDP. Please interact with us our esteemed members, supporters & the general public."
DJINEE,DJINEE,"Lagos, Nigeria! ",2009-07-11 12:25:53,145692,918,665,,FALSE,,TRUE,22538,https://t.co/c3gHCh1W0y,"New Single #Stay is out. Click link in bio. A badass singer. For bookings âŒ¨kreazivityworks@gmail.com
IG: @DJINEE â€¢ SC: @officialdjinee"
Tinimashent,Team #Tinimash,Nigeria / United Kingdom,2012-02-11 16:58:25,59690,915,13,,FALSE,,FALSE,73955,http://t.co/eA499Jd97x,"Dynamic News, Event & promotion platform highlighting the entertainment, style & news that are part of Nigeriaâ€™s DNA. BBM: 761E399E #BBM Channel Pin: C0020160C"
elrufai,Nasir Ahmad El-Rufai,"Kaduna, Nigeria",2009-02-26 20:47:10,1770154,897,598,,FALSE,,TRUE,62294,https://t.co/RvtFloipXv,"Governor of Kaduna State. Member of The All Progressives Congress BOT and NEC. Tweets are my views not those of the APC, President Muhammadu Buhari or KDSG!"
access_more,Access More,Nigeria,2010-06-25 10:00:05,376635,871,1736,,FALSE,,TRUE,27248,https://t.co/Gtdm6IwxPY,"This is the official Retail profile of Access Bank Plc. We offer you a wide variety of banking & lifestyle solutions. For enquiries, tweet @accessbank_help"
kayswitch,KaySwitch D'Produkt,"ÃœT: 6.590495,3.381468",2009-07-01 12:31:15,86278,865,29,,FALSE,,FALSE,7189,http://t.co/HXQ8oN5tgb,"SONYMUSIC ARTIST, DB records! PRODUKT REPUBLIK  For bookings call +2348178726351  Email : kayswitchdprodukt@yahoo.com"
kfayemi,Kayode Fayemi,Nigeria,2009-04-15 21:20:35,531907,845,44,,FALSE,,TRUE,3038,https://t.co/ndGBNZRDMC,"Governor of Ekiti State, Chairman, Nigeria Governors' Forum, Minister of Mines & Steel Devt (2015 - 2018), Governor of Ekiti State (2010 - 2014)."
Naijapals,#BBNaija Naijapals Gistmania,"Lagos, Nigeria",2010-10-20 11:03:44,134483,834,1262,,FALSE,,TRUE,301507,https://t.co/16yYOp9lHv,Naija News and Celebrity Gossip in Nigeria. Nigeria's biggest music and Nollywood Nigerian movie website
VectorThaViper,T.E.S.L.I.M,#CROSSROADSEP OUT NOW,2013-04-04 23:46:35,305976,830,2271,,FALSE,,FALSE,25554,https://t.co/RkwfHn5qeQ,#RapFroBeat Artist bookings: bookings@vectorthaviperlive.com Twitter: @bigspun
realmercyj,Mercy Johnson Okojie,"Lagos, Nigeria",2010-10-13 10:55:01,510026,827,318,,FALSE,,TRUE,6707,https://t.co/RAP2hIxJBN,"Actress, Producer, Wife and Mother"
Omawumi,Omawumi,International,2009-03-17 9:23:59,790005,806,122,,FALSE,,TRUE,17368,https://t.co/9UAo6agtEL,Singer I Songwriter I Entertainer info@iamomawumi.com
daily_trust,Daily Trust,"Abuja, Nigeria",2009-08-27 11:58:58,1387346,802,190,,FALSE,,TRUE,527127,http://t.co/MJm7KrXd3v,"Official Twitter handle of Daily Trust Newspapers, the most trusted news outlet in Nigeria"
daily_trust,Daily Trust,"Abuja, Nigeria",2009-08-27 11:58:58,1387321,802,190,,FALSE,,TRUE,527124,http://t.co/MJm7KrXd3v,"Official Twitter handle of Daily Trust Newspapers, the most trusted news outlet in Nigeria"
bukolasaraki,Dr. Abubakar Bukola Saraki,Nigeria,2010-06-18 15:50:38,2160717,792,2894,,FALSE,,TRUE,21332,https://t.co/jgiW7L6yDr,"Official twitter Account of Dr Abubakar Bukola Saraki, MBBS, CON 13th President of the Senate & Chair, 8th Session, Nigeria National Assembly 2015 - 2019."
ClassicFM973,Classic FM 97.3,"Lagos, Nigeria",2010-05-06 9:48:47,449827,788,18340,,FALSE,,TRUE,490657,https://t.co/BgTUseRFKk,"The Station That Plays Every Song you know!!! 70s, 80s, 90s, 00s, today & also the best of Nigerian Classics!!!"
Max1023FM,MAX 102.3 FM,"Lagos, Nigeria",2011-08-23 9:23:28,129910,781,16808,,FALSE,,FALSE,567566,https://t.co/ztZ56XFrgm,"This is the #hitmusic station for Lagos... Tune in to get all-round entertainment, music 24/7. info@max1023.fm
Studio line: 07080668026"
deejayfaremi,Deji Faremi,Nigeria,2011-09-21 9:57:54,59067,758,3806,,FALSE,,TRUE,201501,https://t.co/D4YMSHmAF5,Grateful to God. Journalist| Radio & TV Presenter| Sports| Sarcasm| Dark Humour| Realist|. RT â‰  endorsement. @TreGong @thebusybuddies @tregongtv
lekan_kingkong,Olalekan Olaleye {Agba Inaki},South Africa,2014-11-24 21:38:57,39047,756,13140,,FALSE,,FALSE,17761,https://t.co/apg7djBsBn,â€¢Entertainer â€¢Actor â€¢CEO Kingkong Records â€¢Yoruba Culture & Language Flag Bearer
Mixxeddemotions,ğŸ§¸ğŸ¯,,2011-08-11 3:17:32,52222,748,55025,,FALSE,,FALSE,37548,,Aspiring Plus Size Model| Leia 12.31.14| IG: Mixxeddemotions| https://t.co/3io8fxjOYy
GOtvNg,GOtv Nigeria,,2012-02-15 12:08:51,190866,699,579,,FALSE,,TRUE,238127,https://t.co/NSYf3qaciS,GOtv is a digital pay tv offering on the Digital Terrestrial Television platform with its services provided by the subscriber management company MultiChoice.
GOtvNg,GOtv Nigeria,,2012-02-15 12:08:51,190827,699,579,,FALSE,,TRUE,238117,https://t.co/NSYf3qaciS,GOtv is a digital pay tv offering on the Digital Terrestrial Television platform with its services provided by the subscriber management company MultiChoice.
Pondermentalist,The Pondermentalist,,2011-03-10 1:00:47,263451,685,64,,TRUE,,FALSE,26549,,â€œBehind this mask there is more than just flesh. Beneath this mask there is an idea... and ideas are bulletproof.â€
samsungmobileng,Samsung Mobile NG,Nigeria,2012-01-23 11:15:27,325532,681,1062,,FALSE,,TRUE,17950,https://t.co/YzqUtxJIoN,Official Twitter account of Samsung Mobile (Nigeria). Customer Service: email ngservice@samsung.com; or call +234 800 7267 864.
festus,Festus Ezeli,,2011-07-24 15:44:29,128716,671,171,,FALSE,,TRUE,6667,,Iâ€™ll either find the way or make a way// ğŸ† NBA CHAMP
timayatimaya,Timaya,GRATITUDE,2010-05-28 0:35:51,1143204,651,578,,FALSE,,TRUE,6850,https://t.co/ozZiOyDj2R,Papi Chulo
NigeriainfoFM,Nigeria Info FM 99.3,Lagos,2011-09-28 9:49:26,1043519,640,3144,,FALSE,,FALSE,210197,https://t.co/1nk3cOHlVn,Let's Talk! 0700993993993 | Listen online: https://t.co/s24yBRtgbH | Follow us on Instagram @nigeriainfofmlagos
africamagictv,Africamagictv,Africa,2012-02-21 12:59:01,204431,637,13004,,FALSE,,TRUE,15569,https://t.co/xXOafTfC1g,African entertainment uniquely tailored for Africa by Africa
voteandstay,#VoteAndStay,Nigeria,2012-04-02 15:15:27,343607,630,14601,,FALSE,,FALSE,29079,https://t.co/X20TaaIx1n,"This is an election monitoring twitter handle. Nigeria is in a dire state under @Mbuhari. come, letâ€™s #RescueNigeria from this @OfficialAPCNg led government"
NGSuperEagles,ğŸ‡³ğŸ‡¬ Super Eagles,Federal Republic of NigeriağŸ‡³,2014-01-08 3:12:42,562362,629,511,,FALSE,,TRUE,6836,https://t.co/ocAUAMm34c,"Official Twitter Account of Nigeria Super Eagles. 3 Times Afcon Champs. IG: https://t.co/dEDkQMnwZr
FB: https://t.co/OPLeQrmsLm"
Chxta,Chxta,Third rock from the Sun,2009-04-26 12:32:02,101639,618,1117,,FALSE,,FALSE,55122,,"Onye kwe, Chi ya ekwe"
Itslaycon,Laycon ğŸ’¡ #BBnaija,Everywhere,2011-12-04 4:17:16,45378,611,2089,,FALSE,,FALSE,43961,https://t.co/i9L6TH3yCs,Official page of Big Brother Season 5 Housemate â€¢ I make timeless music â€¢ Instagram: @itslaycon | info.aceteamafrica@gmail.com #teamlaycon #iCONs Fierce Nation
tokstarr,Toke Makinwa,"Lagos, Nigeria.",2009-09-21 18:47:02,805527,575,13,,FALSE,,TRUE,80019,,"Public Figure.
Bestselling Author. Actor. Entrepreneur. Multimedia Personality. Radio,TV, Print. YouTube.
#Babygirlforlife 
Booking- tokemakinwa@gmail.com"
ik_osakioduwa,Ik Osakioduwa,"ÃœT: 6.432985,3.5107",2009-06-24 9:07:18,621569,563,609,,FALSE,,TRUE,14314,https://t.co/toNMWRG3td,"Fun loving, friendly and fun to be with. Radio/TV presenter. Live Show host. Also a good looking fella. IG: @ikosakioduwa"
ozzyetomi,Ozzy Etomi,Only as good as the visas in my passport,2011-12-05 12:46:02,118897,506,11516,,FALSE,,FALSE,46905,https://t.co/17s8yhXyCH,Writer & Storyteller | Communications strategist | Feminist
FRSCNigeria,"FRSC, NIGERIA","Abuja, Nigeria",2009-09-03 8:57:51,290429,488,2969,,FALSE,,TRUE,24780,https://t.co/WoVBcKtgVX,"Official Twitter account of the Federal Road Safety Corps, Nigeria. Making the Highway Safe & Motorable for all road users. Call 122 or 070022553772"
chiomakpotha,Chioma Akpotha,"Nigeria, Africa.",2010-05-29 22:13:28,232249,477,167,,FALSE,,TRUE,8147,https://t.co/sJqZsbYJLz,"Actor | Producer | Director | Influencer | Teacher | Speaker | CEO, The OMA World Company | Happy wife & a very proud mother!
Contact: bookings@chiomakpotha.com"
USMAN84kg,KAMARU USMAN,,2010-08-25 3:02:12,294949,468,9457,,FALSE,,TRUE,11957,https://t.co/cXd7t1dLVo,ğŸ‘ŠğŸ¾UFC WELTERWEIGHT CHAMPION ğŸ‘ŠğŸ¾NIGERIANNIGHTMARE ğŸ‘ŠğŸ¾ULTIMATE FIGHTER 21 CHAMPION IG/SC @USMAN84KG
TheNationNews,The Nation Nigeria,"Lagos, Nigeria",2009-10-26 13:46:10,1262637,453,1400,,FALSE,,TRUE,215839,https://t.co/mINzdjR6a9,"Official Twitter page of The Nation Newspapers, Nigeria's widest circulating newspaper. Need to reach us? info@thenationonlineng.net - IG/FB: thenationnewspaper"
TheNationNews,The Nation Nigeria,"Lagos, Nigeria",2009-10-26 13:46:10,1262607,453,1399,,FALSE,,TRUE,215813,https://t.co/mINzdjR6a9,"Official Twitter page of The Nation Newspapers, Nigeria's widest circulating newspaper. Need to reach us? info@thenationonlineng.net - IG/FB: thenationnewspaper"
thenff,The NFF ğŸ‡³ğŸ‡¬,Nigeria,2014-10-29 5:17:03,448770,450,464,,FALSE,,TRUE,13459,https://t.co/ocAUAMm34c,"Official Twitter Page Nigeria Football Federation News, photos, videos. IG:https://t.co/hWM2XRauMO FB: https://t.co/DONOmQcXhe"
iniedo01,Ini Edo,"ÃœT: -26.025708,28.015965",2010-01-09 19:08:59,484877,445,13,,FALSE,,FALSE,5986,http://t.co/Ux0v39ksud,"Many things rolled into one...UN Youth Envoy, an Actress, a Movie Producer, a goal getter,"
GuardianNigeria,The Guardian Nigeria,Nigeria,2009-07-16 12:24:36,1796849,440,2486,,FALSE,,TRUE,194714,https://t.co/a5sA2YOmvC,"An independent news source, with newspaper established in 1983 for the purpose of presenting balanced coverage of events and news. WhatsApp - +2348136370421"
GuardianNigeria,The Guardian Nigeria,Nigeria,2009-07-16 12:24:36,1796737,440,2486,,FALSE,,TRUE,194707,https://t.co/a5sA2YOmvC,"An independent news source, with newspaper established in 1983 for the purpose of presenting balanced coverage of events and news. WhatsApp - +2348136370421"
myaccessbank,Access Bank Plc,"Victoria Island, Lagos.",2010-09-14 12:11:00,588719,437,1430,,FALSE,,TRUE,45632,https://t.co/fQ2Jy9BL5n,"We provide financial services to people that love financial success, music, food & the good life. For service support, please follow @accessbank_help"
AsisatOshoala,ASISAT M.O.N,"Lagos, Nigeria",2015-07-11 16:13:58,137917,437,22863,,FALSE,,TRUE,12830,,Professional footballer for Nigeria National team and @FCBfemeni  management : @PlugNG
NigezieTV,Nigezie XTREME,Channel 427 on Startimes,2010-07-19 13:21:51,119630,430,23360,,FALSE,,TRUE,87469,https://t.co/hjisPJeju0,Nigeria's No1. 24hrs Urban Contemporary Music & Lifestyle Channel. Keep watching us on Startimes Channel 427. LIVE YOUR DREAM!
abikedabiri,Abike Dabiri-Erewa,"Ikorodu,Lagos",2011-01-15 12:58:10,594161,424,2032,,FALSE,,TRUE,11926,https://t.co/vw7HKmX63T,"Chairman, Nigerians in Diaspora Commission, Ssa.Diaspora ,Member,House of Reps (2003-2015)Renowned journalist, philanthropist, wife & mother."
papilokanu,Kanu Nwankwo,"Lagos, Nigeria ",2013-04-03 19:03:49,313986,392,2842,,FALSE,,TRUE,3521,https://t.co/4Mnfxreet6,Winner of UEFA Champions League | Olympic Gold | 2 Premier League titles | 3 FA Cups | 2 African Player of the https://t.co/BF6QGhK2K1 me on https://t.co/WeBWNw5JuM
APCNigeria,APC Nigeria Support,Nigeria,2013-02-09 11:21:11,965083,386,4539,,FALSE,,FALSE,48644,https://t.co/Sdu9TmPLHy,Commentary & Support account for the APC and Muhammadu Buhari's #Nextlevel Administration.
Ebuka,Ebuka Obi-Uchendu,"Okija, Nigeria",2008-12-25 19:51:36,1227054,383,229,,FALSE,,TRUE,88493,,TV Host. (CompÃ¨re. Lawyer. Writer.) bookings@emeonline.com
UtomiPat,Pat Utomi,"Lagos, Nigeria",2011-11-21 12:20:55,398867,378,20,,FALSE,,FALSE,3403,http://t.co/Ch1M2PHhZq,"A lover of humanity, a teacher and business man and most importantly a family man who believes passionately in Nigeria"
yemialadee,ğŸ¤œğŸ¾ #WOMANOFSTEEL ğŸ¤›ğŸ¾,Instagram - @yemialade,2010-07-13 7:17:11,531474,377,7588,,FALSE,,TRUE,88134,https://t.co/s1Is9gYTb0,"An award winning KING.
label @effyzziemusic
Management @rebelmove
email:bookyemialade@effyzziemusic.com"
SilverbirdTV,SilverbirdTV (STV),Nigeria,2011-09-16 11:57:30,141470,372,1191,,FALSE,,TRUE,44287,https://t.co/dXjGqSxyei,"Keeping you entertained and up-to-date on Entertainment, News, Lifestyle & Sports. Catch us on DSTV 252, StarTimes 109, GOTV 92/192 and Play TV 804."
HipTv,HipTv,Nigeria,2011-04-15 13:05:57,132231,365,1055,,FALSE,,FALSE,51029,https://t.co/haC87hSNeP,"Africa's Urban Music, Culture and Lifestyle Channel."
chamberlainusoh,Chamberlain,,2011-02-07 20:19:35,159516,363,667,,FALSE,,TRUE,12647,https://t.co/e9si2M0F00,Recipient of NMMA Programme presenter of the year* I love the Lord* *IVLP Alumnus Retweet not an endorsement Glass = Half full
NaetoC,Naeto C,Instagram: NaetoSuperC,2009-03-13 23:02:24,891357,362,115,,FALSE,,TRUE,7106,,
NuhuRibadu,Nuhu Ribadu,"Abuja, Nigeria",2009-12-25 11:43:17,581584,360,549,,FALSE,,TRUE,2135,http://t.co/iV2pL3Bybl,Lawyer | Ex-Prosecutor | Seeker of Justice | Politician
GarShehu,Garba Shehu,"Abuja, Nigeria",2015-04-23 14:46:37,1028031,354,1687,,FALSE,,TRUE,9403,https://t.co/4UKH5N3Yp0,"Official Spokesperson to the President of the Federal Republic of Nigeria ğŸ‡³ğŸ‡¬, President @MBuhari (SSA, Media & Publicity)."
ighalojude,Odion Jude Ighalo,,2014-07-21 11:51:49,616319,354,8185,,FALSE,,TRUE,3269,https://t.co/XL0B3uLK1H,Manchester United Player - R.I.P sister 12-12-19 ğŸ’”ğŸ‘¼ğŸ™ğŸ¾
raufaregbesola,Rauf Aregbesola,Osogbo; South West Nigeria,2010-10-16 6:10:20,609500,354,2242,,FALSE,,TRUE,5989,https://t.co/N6OqJfcp4L,"Official Twitter Handle of the Minister of Interior, Federal Republic of Nigeria. | Personal tweets are signed - RA"
realmikeezu,Mike Ezuruonye,"ÃœT: 10.5084921,7.4370567",2010-01-11 18:59:47,242346,350,30,,FALSE,,TRUE,5783,,"Director,Actor,Entrepreneur ,Strong Voice for truth,Visionary... Instagram @mikeezu"
nairaland,Nairaland Forum,Nigeria,2010-10-18 20:02:52,298432,349,8,,FALSE,,FALSE,215396,http://t.co/5t2oa0A71c,Africa's largest discussion forum and Nigeria's most popular website.
nairaland,Nairaland Forum,Nigeria,2010-10-18 20:02:52,298429,349,8,,FALSE,,FALSE,215402,http://t.co/5t2oa0A71c,Africa's largest discussion forum and Nigeria's most popular website.
TsakisaniM,Tsakisani Mondlani,South Africa,2016-09-28 0:19:32,99633,345,8103,,FALSE,,FALSE,20644,https://t.co/4YzwvD6r3M,Thee South African Barbie ğŸ€ Actress | Property & Investment ğŸ‘©ğŸ½â€ğŸ“UCT|CEO |Influencial | Youtuber |Business enquiries :tsakisanimondlani@gmail.com
funmioyatogun,Funmi Oyatogun,The World,2017-08-01 14:16:19,36989,316,14156,,FALSE,,FALSE,30443,https://t.co/DDDBiQMKUQ,"Experience designer, geographer and tourism strategist at @tvpadventures. I curate the popular #showmeonething here and on YouTube. ~ Everything is by design."
TVCconnect,TVC,"Lagos, Nigeria",2015-11-20 12:58:40,171915,312,14228,,FALSE,,TRUE,180604,https://t.co/bNCpMgSB4G,"TVC is one of the leading entertainment channels in Lagos.
GOTV Ch.27
StarTimes Ch.121
PLAY TV Ch.801
UHF Ch.49
https://t.co/6XKMeaeBOE
https://t.co/9ewYHmkxWu"
TVCconnect,TVC,"Lagos, Nigeria",2015-11-20 12:58:40,171915,312,14227,,FALSE,,TRUE,180604,https://t.co/bNCpMgSB4G,"TVC is one of the leading entertainment channels in Lagos.
GOTV Ch.27
StarTimes Ch.121
PLAY TV Ch.801
UHF Ch.49
https://t.co/6XKMeaeBOE
https://t.co/9ewYHmkxWu"
PremiumTimesng,Premium Times,"Abuja, Nigeria",2011-09-15 14:08:13,1409359,301,860,,FALSE,,TRUE,269281,http://t.co/u2eUV6yuAw,"A multimedia Nigerian publication based in Abuja delivering fresh, factual & reliable news"
KraksTV,www.KRAKS.co,"Lagos, Nigeria",2015-08-27 12:43:18,384749,300,2193,,FALSE,,FALSE,44441,https://t.co/DvL8siibEJ,"Hilarious & Viral Content, Celeb/Trending News | Snapchat, Facebook & Instagram: @KraksTV | Email: hello@kraks.co"
MTN_ProjectFame,MTN Project Fame,West Africa,2010-08-02 11:04:20,192684,299,746,,FALSE,,FALSE,32754,https://t.co/ydt63OsnRW,"The official twitter page of MTN Project Fame West Africa. It's Season 9, News and gist will be delivered here fresh!"
nigeriantribune,Nigerian Tribune,Nigeria,2009-06-05 14:17:50,373604,292,1200,,FALSE,,TRUE,704678,https://t.co/TIIsde69Dw,"Nigeria's oldest and most informative news medium, publishing articles on Politics, Business, Sports, Op-Ed, others. https://t.co/TWIHM1MYv2"
pmnewsnigeria,P.M. NEWS,"Lagos, Nigeria",2010-03-26 20:38:00,564782,277,400,,FALSE,,TRUE,263667,http://t.co/ovNc5CUuHz,"First with Nigerian News.
Follow us on Instagram @pmnewsnigeria"
SkyeAsiyanbi,Blending Queen,"Chicago, IL",2011-09-15 3:38:10,82057,276,14581,,FALSE,,FALSE,111709,https://t.co/8qjI1DcCle,I Do Makeup & Talk Shit ğŸŒ¸ğŸ‡³ğŸ‡¬ | Instagram: SkyeAsiyanbi | ğŸ¥ YouTube: Skye Asiyanbi | SkyeAsiyanbi@gmail.com
infonaija,Information Nigeria,Nigeria,2009-04-07 17:30:24,121594,263,246,,FALSE,,FALSE,703805,https://t.co/ekq6fJGYOK,Nigeria's No. 1 Information Portal. ğŸ‘‰ğŸ½ Email ğŸ“©: victor@informationnigeria.org
YNaija,Y! Online,"ÃœT: 6.598744,3.37656",2010-08-01 23:18:56,192314,257,1578,,FALSE,,TRUE,456954,https://t.co/pyo2WzkU6x,Ideas | Issues | Culture - https://t.co/omKvaH8FVc is what the smartest young Nigerians read.
YNaija,Y! Online,"ÃœT: 6.598744,3.37656",2010-08-01 23:18:56,192312,257,1578,,FALSE,,TRUE,456956,https://t.co/pyo2WzkU6x,Ideas | Issues | Culture - https://t.co/omKvaH8FVc is what the smartest young Nigerians read.
RFI_Ha,RFI Hausa,"Lagos, Nigeria",2010-03-31 8:42:27,136795,255,0,,FALSE,,TRUE,37975,https://t.co/NwJYUqrRyn,Sashen Hausa na @RFI na maraba da ku a shafin Twitter
AkpraiseMedia,Akpraise.com,"Lagos, Nigeria",2012-08-31 11:07:56,310385,248,1773,,FALSE,,TRUE,43234,https://t.co/crB3ZZUeGm,Entertainment/PR. Digital Promotions & Music distribution. ğŸ“© Akpraise@gmail.com  +2348093126814
AkpraiseMedia,Akpraise.com,"Lagos, Nigeria",2012-08-31 11:07:56,310384,248,1773,,FALSE,,TRUE,43234,https://t.co/crB3ZZUeGm,Entertainment/PR. Digital Promotions & Music distribution. ğŸ“© Akpraise@gmail.com  +2348093126814
Metricsafrica,Metricsafrica,Africa,2017-06-21 14:15:04,66394,230,150,,FALSE,,FALSE,8702,https://t.co/3Ci7B9zzO0,"We are a pan-African online news, investment and infotainment platform, daily publishing news and analysis from across Sub-Saharan Africa."
Pepsi_Naija,Pepsi Nigeria,Nigeria,2012-03-22 16:25:21,259983,229,430,,FALSE,,TRUE,5793,https://t.co/LwD8gb9WkN,The Official Pepsi Nigeria Twitter Handle
RaypowerNetwork,RaypowerNetwork,Nigeria,2011-09-11 13:52:46,132795,222,2458,,FALSE,,TRUE,318040,https://t.co/b38jJRUqJh,"A DAAR COMMUNICATIONS COMPANY. NIGERIA's 1ST INDEPENDENT RADIO STATION. Studio lines : 09060007031, 09060007041"
THISDAYLIVE,THISDAY LIVE,Nigeria,2010-02-08 11:57:51,1278758,211,34,,FALSE,,FALSE,109710,http://t.co/X6h5WMzChG,African Views on Global News
NigeriaGov,Government of Nigeria,Federal Capital Territory,2015-04-04 12:07:16,1090792,211,580,,FALSE,,TRUE,48226,https://t.co/EPL2TyGlPO,Follow for the latest from the Federal Government of Nigeria.
TVCNews_Africa,TVC NEWS,"Lagos, Nigeria",2013-03-05 8:36:55,85008,211,10,,FALSE,,FALSE,18776,http://t.co/qm8mvdLWgQ,Africa's First 24/7 News Channel. For Enquiries contact info@tvcnews.tv
edigital247,E-Digital 24,Nigeria,2010-05-30 18:40:27,182698,201,11281,,FALSE,,FALSE,30019,,"Social Media PROMOTER! Hype, Promote Brands, Products, Events, Movies, Music Trends and More!"
channelstv,Channels Television,Nigeria,2010-03-22 14:29:10,3952114,199,4774,,FALSE,,TRUE,140384,https://t.co/eAdxnNhVNj,Channels Television is the thirteen-time winner of the 'Best TV station in Nigeria award' and the most awarded television station in Africa.
AkinwunmiAmbode,Akinwunmi Ambode,Lagos,2014-02-24 12:19:19,1059355,172,253,,FALSE,,TRUE,6680,https://t.co/VjZL27nItz,"Official Twitter account of Mr. Akinwunmi Ambode, Former Governor of Lagos State."
MyFCMB,FCMB,,2012-09-12 16:12:40,134227,171,1504,,FALSE,,TRUE,46507,https://t.co/62qOT2WB7l,"Helping people, businesses and communities thrive since 1982. Follow us to see what we are up to.

Need help? Send a DM or tweet at us for speedy resolution."
sam_adeyemi,Sam Adeyemi,"NG, UK, US",2010-02-23 23:59:56,1050670,160,6770,,FALSE,,TRUE,20498,https://t.co/tzETz72izq,Doctor of Strategic Leadership. Strategic leadership expert.
tvcnewsng,TVC News,"Lagos, Nigeria",2014-08-26 12:14:21,170885,157,8118,,FALSE,,FALSE,82934,https://t.co/tFo9dxXtHv,"This is the Official Twitter handle of TVC News - Nigeria's first 24-hour News Channel. First With Breaking News. Email: tvcnewsnigeria@tvcontinental.tv,"
VictorMoses,Victor Moses,,2012-08-28 15:22:48,1176867,156,58,,FALSE,,TRUE,779,,Professional Footballer
seyiamakinde,Seyi Makinde,"Oyo State, Nigeria",2014-03-30 0:31:13,261077,152,8,,FALSE,,FALSE,4652,https://t.co/JXZYU6qhRK,Governor of Oyo State. Committed to redefining good governance with a focus on people-centred policies. https://t.co/aZ5HMcFPfx
EvaAlordiah,Eva #EnergyGiver,business@evaalordiah.com,2009-05-14 20:51:53,372487,151,4036,,FALSE,,FALSE,63511,https://t.co/eG9N7sn6U0,"ğŸ’¡Writer, Rapper, Speaker.
I aim to Inspire the World with Words that Speak Life! Click Link ğŸ‘‡ğŸ¿ for Free Books & Exclusive content"
USinNigeria,U.S. Mission Nigeria,"Abuja, Nigeria",2009-08-27 12:49:22,302616,148,194,,FALSE,,FALSE,11134,https://t.co/AqnNpzxXtu,"Updates from the United States Diplomatic Mission Nigeria.  
Our Social Media Terms of Use: https://t.co/NPnDKR9Z3N"
AccelerateTV,Accelerate,Nigeria,2014-09-02 13:38:13,142438,136,1789,,FALSE,,TRUE,21192,https://t.co/LIeytULPDg,"More than Entertainment. African stories to Educate, Entertain & Empower: https://t.co/kOl6MkiSId / IG: @accelerate_tv /YouTube: https://t.co/Sc2TeVTe1z"
AccelerateTV,Accelerate,Nigeria,2014-09-02 13:38:13,142405,136,1789,,FALSE,,TRUE,21192,https://t.co/LIeytULPDg,"More than Entertainment. African stories to Educate, Entertain & Empower: https://t.co/kOl6MkiSId / IG: @accelerate_tv /YouTube: https://t.co/Sc2TeVTe1z"
PoliceNG,Nigeria Police Force,NIGERIA,2012-01-21 10:47:47,1385113,130,145,,FALSE,,TRUE,10289,https://t.co/V5OEGldYCQ,Official Twitter account of The Nigeria Police Force | Crime News @PoliceNG_News | 24/7 #CustomerService @PoliceNG_CRU
IndependentNGR,Independent Nigeria,"Lagos, Nigeria",2012-03-23 8:30:33,33699,130,277,,FALSE,,FALSE,324630,https://t.co/ORIpIQJ4Qa,"Official Twitter handle of Independent Newspapers Nigeria, the most read newspaper among the business and political elites."
GoalAfrica,Goal Africa,Africa,2012-01-23 20:44:50,120109,127,895,,FALSE,,TRUE,182473,https://t.co/9d2maQgcu8,"One sport, One destination, One obsession."
CocaCola_NG,CocaCola_NG,Nigeria,2012-07-16 11:58:37,171462,119,4029,,FALSE,,TRUE,10279,https://t.co/wSFyM4KDBQ,"The Official Coca-Cola Nigeria Twitter Page
#WearAMask #StaySafe"
SIAmosun,Sen. Ibikunle Amosun,"Ogun State, Nigeria",2010-10-31 20:05:49,121196,112,206,,FALSE,,FALSE,5875,,Immediate Past Governor of Ogun State.
BBNaija,Big Brother Naija,,2016-12-28 13:04:43,811793,110,2872,,FALSE,,TRUE,28607,https://t.co/ENclaWMdES,This is the official Big Brother Naija Twitter handle. Head on over to our website for the latest #BBNaija gist!
BBNaija,Big Brother Naija,,2016-12-28 13:04:43,811627,110,2872,,FALSE,,TRUE,28606,https://t.co/ENclaWMdES,This is the official Big Brother Naija Twitter handle. Head on over to our website for the latest #BBNaija gist!
benmurraybruce,Ben Murray-Bruce,,2014-10-14 9:35:00,1388567,102,586,,FALSE,,TRUE,11267,https://t.co/uISXfPSHvU,"Businessman. Senator representing Bayelsa East (2015-2019). Common Sense Advocate. Founder, Silverbird Group. Author of A Commonsense Revolution."
OnwardNG,Onward Nigeria,onwardng@gmail.com,2010-07-06 20:32:32,92441,95,29,,FALSE,,FALSE,141753,,I am Nigerian! |Newsâ€¢Marketing Communicationsâ€¢|PR|
BBNaijaShow,Big Brother Naija,Nigeria,2016-11-09 10:14:14,35345,95,69,,FALSE,,FALSE,3479,https://t.co/08dxwIBDjm,Everything for Big Brother Naija fans. For more Big Brother Updates visit our website link below.
NTANewsNow,NTA News,"Abuja, Nigeria",2011-03-09 19:11:37,899491,90,6442,,FALSE,,TRUE,77441,http://t.co/5FWEGY8yHU,Official Twitter Account of the Nigerian Television Authority (NTA) - Africa's Largest TV Network.
Tweet_Lord1,TWEET LORD 1 ğŸ’µğŸ’µ,"Lagos, Nigeria",2015-12-07 13:19:20,41746,90,13358,,FALSE,,FALSE,6523,https://t.co/JsQ0iOPGqc,#BBNaija updates / GIST TWEETS / GIVEAWAY / I TWEET FOR FUN //// DM IS STRICTLY FOR #PROMOTIONS / #ADVERTS / #BUSINESS / #INVESTOR / #BITCOIN
heisrema,REMA,,2017-05-02 5:36:00,1086319,86,1983,,FALSE,,TRUE,980,https://t.co/RnK7XVm0dJ,remabookings@gmail.com +2348069435763
GistReel,GistReel.Com,Lagos,2012-10-20 0:43:50,241850,86,28,,FALSE,,TRUE,40321,https://t.co/3WBbbUC9L2,"News. Entertainment. Lifestyle. Fashion

Contact us: admin@gistreel.com  | ads: ads@gistreel.com

Whatsapp :- +234-817-997-5099

Subscribe on Youtube ğŸ‘‡"
GistReel,GistReel.Com,Lagos,2012-10-20 0:43:50,241848,86,28,,FALSE,,TRUE,40321,https://t.co/3WBbbUC9L2,"News. Entertainment. Lifestyle. Fashion

Contact us: admin@gistreel.com  | ads: ads@gistreel.com

Whatsapp :- +234-817-997-5099

Subscribe on Youtube ğŸ‘‡"
jimiagbaje,Jimi Agbaje,"Lagos, Nigeria",2012-05-24 22:54:01,116709,86,274,,FALSE,,TRUE,1252,http://t.co/QRK0eykUEg,The Official Account of Jimi Agbaje - Co-managed by his media team. All tweets are from or signed off by Jimi Agbaje.
Postsubman,Postsubman,Postsubman@gmail.com,2017-09-28 15:52:38,79963,84,739,,FALSE,,FALSE,20815,,24/7 Latest Happenings and Entertainment | Send your Questions & stories | Mail for Advert and Awareness Enquiry : Postsubman@gmail.com
officialEFCC,EFCC Nigeria,Nigeria,2013-01-14 10:08:29,963311,80,4970,,FALSE,,TRUE,14907,https://t.co/HhB69ZMBjD,Nigeria's Leading Anti-Graft Agency Charged With The Responsibility of Investigation and Enforcement of All Economic and Financial Crimes Laws in Nigeria. #EFCC
Sterling_Bankng,Sterling Bank Plc,Lagos,2012-05-04 10:22:41,105869,80,2529,,FALSE,,TRUE,25270,https://t.co/YqXSxivRLk,"Africaâ€™s Most AGILE Company. Nigeriaâ€™s most DISRUPTIVE Bank. For speedy responses to enquiries & issues resolution, please tweet @sterlinghelp. #NotJustABank"
atiku,Atiku Abubakar,,2010-08-12 14:38:36,3003835,77,705,,FALSE,,TRUE,5924,https://t.co/f17PAlAJTf,"Waziri Adamawa, Businessman, Father and Philanthropist. Former Vice President of Nigeria. Tweets from Atiku are signed -AA."
DAMIADENUGA,Damiâ€™ Adenuga,"Lagos, Nigeria",2010-06-17 7:54:00,109321,76,2254,,FALSE,,FALSE,196688,,Entrepreneur | Project & Business Manager | ğŸ“§ damiadenuga6@gmail.com | ğŸ“± +234 810 9373 702
NGRSenate,The Nigerian Senate,"Three Arms Zone, Abuja.",2015-08-25 21:22:21,1066864,72,378,,FALSE,,TRUE,38822,https://t.co/WiJl4YJUuZ,Official Twitter Account of the Senate of the Federal Republic of Nigeria. Managed by the New Media Department of the Senate President.
E29EMENIKE,EMMANUEL C EMENIKE,,2013-06-23 9:52:50,128787,70,5,,FALSE,,FALSE,452,,
InfinixNigeria,Infinix Nigeria,Nigeria,2013-12-10 5:33:38,290998,67,1384,,FALSE,,TRUE,15734,https://t.co/LQeaTE1pao,"Welcome to the official Twitter Page for Infinix Mobile Nigeria. Follow us to get latest updates on your Infinix Phones, promos and many more."
UNIONBANK_NG,Union Bank of Nigeria,"Marina, Lagos, Nigeria",2011-12-05 17:07:20,196060,67,9350,,FALSE,,TRUE,23212,https://t.co/b9LPhrC6V8,We are Nigeriaâ€™s most reliable and trusted banking partner. Try our USSD Code: *826#
ChibuikeAmaechi,Chibuike.R. Amaechi,,2009-09-15 14:19:15,395418,65,69,,FALSE,,FALSE,952,https://t.co/VqyWKUesQs,"Chibuike Rotimi Amaechi is Nigeria's Minister of #Transportation. Fmr Governor of Rivers State 2007-2015. Fmr Speaker, Rivers State House of Assembly 1999-2007."
BBNaija2020_,BBNaija 2020,"Lagos, Nigeria",2014-06-28 0:23:25,58684,63,2990,,FALSE,,FALSE,3597,https://t.co/LlHpF1DXl9,Get all the latest Big Brother Naija 2020 Updates. NOTE: This's a Fan account and NOT the official 'Big Brother Naija' Account.
SundayOOliseh,Sunday Oliseh,Website:www.sundayoliseh.tv,2011-01-17 11:07:02,244168,60,306,,FALSE,,TRUE,2775,https://t.co/FBPm5fIDmN,"Dad,Olympic Gold Medalist,AFCON Winner,Ex-Pro.Footballer,Pro-Soccer Coach(Ex-Super Eagles),FIFA TSG Member,Consultant,Love Tennis (Retweets aren't endorsements)"
tundefashola,Babatunde Fashola,"Abuja, Nigeria",2010-06-07 23:49:49,797130,59,10,,FALSE,,TRUE,1887,https://t.co/xc2H0qOeML,"Honourable Minister of Works and Housing, Federal Republic of Nigeria."
FordNigeria,Ford Nigeria,Nigeria,2014-04-10 7:14:52,164760,57,964,,FALSE,,TRUE,1835,http://t.co/guPtgajrHL,The Official Account of Ford Nigeria. Ford stories and product info in Nigeria. Responses by Edgar N [^EN]
realFFK,Femi Fani-Kayode,,2012-06-02 8:43:18,957263,56,5269,,FALSE,,TRUE,26391,https://t.co/xl6u3vGeIz,"Father, Lover of God, Servant of Truth, Voice of the Voiceless, Champion of the Oppressed,  Warrior of Light, Ayanfe Oluwa, Akanda Eniyan, Odum Agu, Odogwu Eze."
ProfOsinbajo,Prof Yemi Osinbajo,,2014-12-10 21:21:27,2801469,55,546,,FALSE,,TRUE,2722,https://t.co/gseQAKGcYO,"Official handle for Professor Yemi Osinbajo, SAN, Nigeria's Vice President. Tweets by him are signed YO"
HQNigerianArmy,Nigerian Army,"Area 7, Garki, Abuja, Nigeria",2013-04-12 9:25:44,962882,55,2046,,FALSE,,TRUE,5311,https://t.co/RrHzQTT64p,Official Twitter Account of the Nigerian Army.
NairaBET,NairaBET,"Lagos, Nigeria",2010-12-02 14:14:16,269512,54,1042,,FALSE,,TRUE,16118,http://t.co/h1w9GV9y9d,NairaBET is Nigeria's first and legal online sports bookmaker. Please contact @nairabethelp for customer complaints.
chikaike,Chika Ike,http://instagram.com/chikaike,2009-04-19 7:57:35,256991,53,165,,FALSE,,TRUE,13416,https://t.co/ZflDuodLhq,"Actress, UN peace Ambassador, CEO Flip Script Ent., CEO Chika Cosmetics, CEO Fancy Nancy Estates."
ShopKonga,Konga Nigeria,Nigeria,2012-05-11 11:23:29,176816,51,3462,,FALSE,,TRUE,80684,https://t.co/q5ixX3PWfr,"Nigeria's Largest Online Mall! Get our shopping app today! For support and inquiry, tweet @kongacare or mail: help@konga.com or call 0708 063 5700"
voahausa,VOA Hausa,"Washington, DC",2010-04-23 14:50:53,219056,50,106,,FALSE,,TRUE,34867,http://t.co/xLVxsFbXVH,Labaran Afirka da Sauran Sassan Duniya da Dumi-Duminsu.
alexiwobi,Alexander Iwobi,,2014-09-02 15:23:12,789575,49,103,,FALSE,,TRUE,919,https://t.co/1t3ntTj5yU,Everton FC & Nigeria. @Nike Athlete. Instagram: Alexanderiwobi. Alex@colourmedigital.com
BBAfrica,Big Brother Africa,,2010-07-15 7:57:49,34397,45,90,,FALSE,,FALSE,29035,https://t.co/MYoJUkWGlo,"Home of Big Brother Africa | Big Brother Naija Fans.  Website : 
https://t.co/UJdHRjT3vL | https://t.co/d7lOAMHlkH"
inecnigeria,INEC Nigeria,Nigeria,2010-12-23 14:43:41,1606849,44,756,,FALSE,,TRUE,16026,http://t.co/mgIxEkILxH,Independent National Electoral Commission Hotline: 0700-CALL-INEC i.e. 070022554632 | Email: iccc@inec.gov.ng | Instagram: http://t.co/tCiR9Wjwra
LekeAlder,Leke Alder,,2010-05-10 16:37:07,437838,42,41,,FALSE,,TRUE,122052,https://t.co/z9aYh4vPeV,They call me beautiful mind. Brand strategy consultant at @alderconsulting. Public speaker. talk2me@lekealder.com
NOTJUSTOK,NOTJUSTOK,"Nigeria, Africa",2009-02-20 23:21:48,343570,42,1513,,FALSE,,FALSE,65109,https://t.co/Sy8LJB2hEy,"""Keep up with your favourite African artists & also for all our original video contents.

Get @MinoMusicApp on iOS App Store & Android Play Store."
GovUmarGanduje,Dr. Ganduje OFR.,"Kano State, Nigeria",2012-09-24 13:13:54,190584,42,196,,FALSE,,FALSE,5612,https://t.co/NQMh3x17Xd,Dr. Abdullahi Umar Ganduje OFR is the Executive Governor of Kano State | Personal tweets are signed - GUG
PastorEAAdeboye,Pastor Adeboye,The Globe,2011-01-08 15:29:59,1300387,39,732,,FALSE,,TRUE,16970,https://t.co/efE8Iws40p,is the General Overseer of RCCG. PhD in Applied Mathematics.1 of Newsweek's 50 most Influential people in the world '08.Married to@PastorFAAdeboye & has 4 Seeds
DangoteGroup,DangoteGroup,"Lagos - Nigeria, West Africa",2010-08-09 12:30:58,270502,39,329,,FALSE,,TRUE,2135,https://t.co/oeNFejaAd8,The most diversified manufacturing conglomerate in Africa.
cossybarbie,Cossy Ojiakor,Nigeria,2011-06-08 6:16:04,84393,39,1793,,FALSE,,FALSE,1342,https://t.co/MEC2dzkKo1,A young lady trying to figure out what life is all about. whatapp:+2348023053120
NGRPresident,Presidency Nigeria,"Federal Capital Territory, Nigeria",2015-01-06 21:25:28,1873460,37,211,,FALSE,,TRUE,13876,https://t.co/FARMQNRTSN,Follow for the latest information from the Presidency of the Federal Republic of Nigeria
BounceNewsNg,Download Bounce App,,2016-11-01 13:11:53,93499,34,521,,FALSE,,TRUE,15240,https://t.co/jVkwksdudx,Bounce brings you everyday stories that matter to YOU. Give yourself the edge with a personalized news feed that is low on data.
TonyOElumelu,"Tony O. Elumelu, CON",Global,2011-04-06 7:40:19,1057752,33,2203,,FALSE,,TRUE,6745,http://t.co/Dkb3xUKKNR,Widely acknowledged as one of Africa's most influential business leaders and philanthropists. Chairman of @Heirs_Holdings and Founder @TonyElumeluFDN
AsiwajuTinubu,Bola Ahmed Tinubu,,2012-02-15 18:36:48,778735,32,26,,FALSE,,FALSE,1673,http://t.co/Zre5Bfh8oC,"Fmr. Governor of Lagos State, Nigeria. Democrat, Advocate of True Federalism and Nationalist. National Leader, All Progressives Congress, APC."
SOUNDCITYtv,SOUNDCITY AFRICA!,AFRICA! #SoundCitizen,2009-04-25 18:48:12,654021,32,3069,,FALSE,,TRUE,51875,https://t.co/5MW4KOCRDu,"The No.1 Music & Lifestyle TV w/ Radio Network. #PoweredByMusic. AVAILABLE EVERYWHERE! TV x RADIO x DIGITAL. Watch on DStv Ch. 327, GoTV Ch. 75 x APP."
npower_ng,N-Power,,2016-05-31 19:14:28,327862,30,1029,,FALSE,,FALSE,15927,https://t.co/7fZnqW87au,This is the Official Account of the Job Creation and Empowerment Initiative of the Social Investment Programme of the Nigerian Government.
UBAGroup,UBA Group,Africa,2009-04-09 7:54:19,704557,29,5910,,FALSE,,TRUE,33124,https://t.co/TXz0Vnxjhu,"Welcome to the official Twitter profile for UBA Group. For immediate support, follow us on UBACFC @UBACares."
ecobank_nigeria,Ecobank Nigeria,Nigeria,2015-12-08 14:28:20,85517,29,1144,,FALSE,,TRUE,45288,https://t.co/iCZsVRrWlf,Upgrade to the new Ecobank Mobile today to enjoy new and exciting featuresâ£. â£Download/Update from the Android playstore or iOS app store.
yabaleftonline,YabaLeftOnline Media,Nigeria,2012-08-20 9:46:29,533982,28,155,,FALSE,,TRUE,55999,https://t.co/NF2jT4mAWZ,News. Entertainment. Celebrities. Viral Contents.  contact@yabaleftonline.ng +2349031713513
yabaleftonline,YabaLeftOnline Media,Nigeria,2012-08-20 9:46:29,533957,28,155,,FALSE,,TRUE,55998,https://t.co/NF2jT4mAWZ,News. Entertainment. Celebrities. Viral Contents.  contact@yabaleftonline.ng +2349031713513
OfficialIdeye,IDEYE BROWN (MON),"Thessaloniki, Greece",2014-02-17 7:13:36,176573,28,83,,FALSE,,TRUE,1228,https://t.co/c8xTj9yYQy,Athlete
houseontherock,House On The Rock,"Lagos, Nigeria",2009-11-29 19:24:58,395771,27,4058,,FALSE,,FALSE,67478,https://t.co/9GP49aV9MX,"Welcome to the official Twitter account of House On The Rock, a vibrant multi-ethnic church that is open to everyone. A home for allâ€¦"
MBuhari,Muhammadu Buhari,,2014-12-22 8:56:35,3281077,26,8,,FALSE,,TRUE,4738,,"This is the official account of Muhammadu Buhari, President of Nigeria"
renoomokri,Reno Omokri,Currently on exile.,2011-03-11 15:53:54,802957,25,1957,,FALSE,,TRUE,51177,https://t.co/uI3mAsfifG,Gospeller. #FreeLeahSharibu activist. #BuhariTormentor. Deep thinker. #1 Bestselling Author. Avid Traveler. Hollywood Mag Film Festival Humanitarian of 2019
Asa_official,Asa,,2010-09-08 23:53:26,660812,22,1399,,FALSE,,TRUE,4518,https://t.co/523UknoYyq,Inquiries - j.nwose@taqsimanagement.com
JumiaNigeria,Jumia Nigeria,Nigeria,2012-05-22 13:01:51,275129,22,1086,,FALSE,,TRUE,46525,,"Nigeria's No. 1 Shopping Destination. For customer support, tweet @JumiaNGHelp  or via  https://t.co/htwt0wCF0N.   To order, Call 012772367."
markangelcomedy,Mark Angel Comedy,Nigeria,2015-07-31 11:15:07,90587,21,203,,FALSE,,FALSE,855,https://t.co/le83665uVM,Jokes... Funny Videos... Everything Comedy.
Quickteller,Quickteller,Nigeria,2011-01-18 13:08:54,82333,18,1360,,FALSE,,TRUE,19908,https://t.co/d1jTwPh1AC,"Convenient Recharge, Funds Transfer, Bill Payments & Donations.                  For customer service and support issues, please contact @iswsupport ."
IndomieNigeria,Indomie Noodles,Nigeria,2014-05-24 19:08:51,44213,18,6391,,FALSE,,FALSE,7142,https://t.co/gdQO1UfM80,"Join our delicious family as we experience the sweet, sour and spicy all through the #IndomieInBBN season ğŸŒ¶"
DailyPostNGR,Daily Post Nigeria,Nigeria,2011-11-15 21:42:32,1092286,15,0,,FALSE,,TRUE,435985,http://t.co/UtPmlOlRfa,"Get the latest Nigerian News and Features at Daily Post Newspaper - National, Politics, Entertainment, Celebrities, Metro, Sports & Opinions."
DailyPostNGR,Daily Post Nigeria,Nigeria,2011-11-15 21:42:32,1092219,15,0,,FALSE,,TRUE,435975,http://t.co/UtPmlOlRfa,"Get the latest Nigerian News and Features at Daily Post Newspaper - National, Politics, Entertainment, Celebrities, Metro, Sports & Opinions."
AAAjimobi,Abiola Ajimobi,"Ibadan, Abuja, Nigeria ",2011-08-08 16:52:13,155210,15,18,,FALSE,,FALSE,4499,https://t.co/bNS7kZHrv9,"Former Governor of Oyo State 2011-2019, Deputy National Chairman of the APC (South) Senator Abiola Ajimobi..."
AlikoDangote,Aliko Dangote,"Lagos, Nigeria",2013-09-24 12:44:55,891139,13,46,,FALSE,,TRUE,142,https://t.co/oeNFeiSYOy,"President, Dangote Group - Passionate about touching the lives of people."
NOIweala,Ngozi Okonjo-Iweala,Global,2011-09-13 10:59:13,1200715,11,161,,FALSE,,TRUE,2761,https://t.co/JxorsIhmhe,"Dr. Ngozi Okonjo-Iweala is Board Chair @Gavi; Board Chair @ARCapacity & 2-time Minister of Finance, Nigeria and former Managing Director Operations World Bank"
fidelitybankplc,Fidelity Bank,Nigeria,2009-07-23 21:59:12,185715,8,2401,,FALSE,,TRUE,50995,https://t.co/CT5VfRarXp,"Welcome to the official page of Fidelity Bank. We are here to make financial services easy and accessible to you. For help, email: True.serve@fidelitybank.ng"
T_Bakare,Pastor Tunde Bakare,,2011-09-26 22:23:46,304370,6,54,,FALSE,,TRUE,1499,https://t.co/okSmshqZ6l,"Official Twitter Page of Pastor Tunde Bakare. On the two wings of the great eagle (Rev. 12:14) |
Facebook; https://t.co/RdwTUsBEMq"
Saka_Stic,Uncle Saka,Nigeria,2012-08-25 7:19:54,170102,6,13,,FALSE,,FALSE,371,https://t.co/82UfZ4NJfU,"Your favorite uncle | Spreading happiness | For Business, Contact: clockworkng@gmail.com"
Saka_Stic,Uncle Saka,Nigeria,2012-08-25 7:19:54,170098,6,13,,FALSE,,FALSE,371,https://t.co/82UfZ4NJfU,"Your favorite uncle | Spreading happiness | For Business, Contact: clockworkng@gmail.com"
bb_naijafan,#Bbnaija,Lagos,2017-01-18 22:49:40,110674,6,30,,FALSE,,FALSE,297,,Get your latest #bbnaija news and nomination here.
SCOANTBJoshua,TB Joshua,"Lagos, Nigeria",2011-12-30 18:21:01,382595,2,85,,FALSE,,FALSE,19084,https://t.co/B6UbkCB6K4,"This is the Official Twitter account for #TBJoshua, The #SCOAN and #EmmanuelTV. Faith sees the invisible, believes the impossible, and receives the incredible!"
dino_melaye,Senator Dino Melaye. (SDM),Abuja,2011-10-25 18:53:09,1888460,1,4890,,FALSE,,FALSE,83772,https://t.co/6Pk3jxP1p6,"Senator of the Federal Republic of Nigeria,  Former member House of Reps, Founder -Anti Corruption network, Democratic evangelist and Private Investigator"
NigeriaNewsdesk,Nigeria Newsdesk,,2009-11-20 10:55:12,1715394,0,81,,FALSE,,TRUE,86873,,Breaking news and current events from around Nigeria and abroad.
todayng,TODAY,,2014-04-14 11:20:09,189847,0,0,,FALSE,,TRUE,80518,https://t.co/ItJLWmqTDq,"Latest news, trends, photos and videos from around Nigeria and world."